_country,_id,_state,name
5af46550a75edfe10769a1de,594a6efaa59a682d75e9593a,59707e3bc543e577fcfd601b,KÖŞK
5af46550a75edfe10769a1de,594a68a10347602d2acc14ea,5970756bc543e577fcfd6012,KAHTA
5af46550a75edfe10769a1de,594a695c0347602d2acc14f4,5970775cc543e577fcfd6013,ÇOBANLAR
5af46550a75edfe10769a1de,594a6c3a0347602d2acc15a2,5971e1dd208f420d86e6df9b,AKYAZI
5af46550a75edfe10769a1de,594a7440a59a682d75e95a7a,5970ad2d26093803a844904b,HANÖNÜ
5af46550a75edfe10769a1de,594a6a540347602d2acc1524,59709aeb63c16d7e3264dbc9,KOVANCILAR
5af46550a75edfe10769a1de,594a6d94a59a682d75e958ea,59707cbac543e577fcfd6018,KUMLUCA
5af46550a75edfe10769a1de,5c14cb3a32c0b11238e047b5,59707d74c543e577fcfd601a,KEMALPAŞA
5af46550a75edfe10769a1de,594a7a30c7b3892e6253c745,5970c5ddc8f315059540a2bc,YEŞİLYURT
5af46550a75edfe10769a1de,594a6d80a59a682d75e958e5,59707cbac543e577fcfd6018,KONYAALTI
5af46550a75edfe10769a1de,594a7484a59a682d75e95a89,5970927aaf324179fc618c07,ECEABAT
5af46550a75edfe10769a1de,594a7077a59a682d75e9599c,5970a6b4b6deb9031b7ab3fe,SULTANGAZİ
5af46550a75edfe10769a1de,594a7989c7b3892e6253c718,5970c50cc8f315059540a2bb,ASLANAPA
5af46550a75edfe10769a1de,594a6d27a59a682d75e958c7,5970a16972eb310169d0c229,EYNESİL
5af46550a75edfe10769a1de,594a7589a59a682d75e95ac9,597094358771377b09f58df9,BAYAT
5af46550a75edfe10769a1de,594a6ee3a59a682d75e95936,59707e3bc543e577fcfd601b,KARACASU
5af46550a75edfe10769a1de,594a7a94c7b3892e6253c75b,5970c75bc8f315059540a2be,KIZILTEPE
5af46550a75edfe10769a1de,594a6bcd0347602d2acc1584,59707b93c543e577fcfd6017,AYAŞ
5af46550a75edfe10769a1de,594a7762fe41fe2daf974f19,5970b9e348c611046777f8d6,HADİM
5af46550a75edfe10769a1de,594a74eba59a682d75e95a99,597093458e35627a5dac6cf1,ATKARACALAR
5af46550a75edfe10769a1de,594a6ffba59a682d75e9597b,5970a6b4b6deb9031b7ab3fe,ÇATALCA
5af46550a75edfe10769a1de,594a7363a59a682d75e95a3a,5971fea19280ac14c2ce8ff9,BEŞİKDÜZÜ
5af46550a75edfe10769a1de,594a7a83c7b3892e6253c755,5970c75bc8f315059540a2be,ARTUKLU
5af46550a75edfe10769a1de,594a7001a59a682d75e9597d,59708762c543e577fcfd601d,MARMARA
5af46550a75edfe10769a1de,594a7530a59a682d75e95ab4,597093458e35627a5dac6cf1,ORTA
5af46550a75edfe10769a1de,594a726aa59a682d75e959ff,59708f280f92b778ed04d655,SEBEN
5af46550a75edfe10769a1de,5985ec757f448a1403b05e88,5971dc911192730b80ad9283,MERKEZ
5af46550a75edfe10769a1de,594a6e57a59a682d75e9590f,5970a2a99cffad0202dd176f,ARSUZ
5af46550a75edfe10769a1de,594a696a0347602d2acc14f6,5970775cc543e577fcfd6013,DİNAR
5af46550a75edfe10769a1de,594a7646a59a682d75e95b03,5970981838e1c97d47a41943,BULDAN
5af46550a75edfe10769a1de,594a6b230347602d2acc1553,59709c7865d27c7f6c73f6a6,HORASAN
5af46550a75edfe10769a1de,594a761ea59a682d75e95afc,5970b4eb48c611046777f8d1,MUCUR
5af46550a75edfe10769a1de,594a74fda59a682d75e95a9f,5972008ecfbaa414d6d4817d,EDREMİT
5af46550a75edfe10769a1de,594a6627353f242c0559fa1f,597074d2c543e577fcfd6011,SARIÇAM
5af46550a75edfe10769a1de,594a7657a59a682d75e95b0b,5970981838e1c97d47a41943,ÇARDAK
5af46550a75edfe10769a1de,594a6bd10347602d2acc1585,59707b93c543e577fcfd6017,BALA
5af46550a75edfe10769a1de,594a6c410347602d2acc15a4,59709fbd72eb310169d0c228,KARKAMIŞ
5af46550a75edfe10769a1de,594a7a43c7b3892e6253c749,5970c856c8f315059540a2bf,TARSUS
5af46550a75edfe10769a1de,594a7450a59a682d75e95a7d,5970927aaf324179fc618c07,BAYRAMİÇ
5af46550a75edfe10769a1de,594a6ba50347602d2acc1575,5971e0c844baa80d4110fcd6,ÇAMLIHEMŞİN
5af46550a75edfe10769a1de,594a7580a59a682d75e95ac6,5972017adaf0371575250be9,TERMAL
5af46550a75edfe10769a1de,594a6bb90347602d2acc157b,5971e0c844baa80d4110fcd6,FINDIKLI
5af46550a75edfe10769a1de,594a6f02a59a682d75e9593d,5970a3ed206b380222376400,ATABEY
5af46550a75edfe10769a1de,594a7374a59a682d75e95a3f,5971fea19280ac14c2ce8ff9,ÇAYKARA
5af46550a75edfe10769a1de,594a69e60347602d2acc1515,5971dddf2458f70c73ba839d,ULUKIŞLA
5af46550a75edfe10769a1de,594a75d8a59a682d75e95ae6,597094358771377b09f58df9,UĞURLUDAĞ
5af46550a75edfe10769a1de,594a7537a59a682d75e95ab7,597093458e35627a5dac6cf1,ŞABANÖZÜ
5af46550a75edfe10769a1de,594a6e65a59a682d75e95914,5970a2a99cffad0202dd176f,DÖRTYOL
5af46550a75edfe10769a1de,594a757ba59a682d75e95ac4,5972017adaf0371575250be9,ÇİFTLİKKÖY
5af46550a75edfe10769a1de,594a72d7a59a682d75e95a1a,5970aa5c6fdfa1036f82f343,DULKADİROĞLU
5af46550a75edfe10769a1de,594a7633a59a682d75e95afd,5970981838e1c97d47a41943,BEKİLLİ
5af46550a75edfe10769a1de,594a6ad80347602d2acc1545,5971df57a535fa0cfb521933,PERŞEMBE
5af46550a75edfe10769a1de,594a6a4d0347602d2acc1521,59707929c543e577fcfd6014,DOĞUBAYAZIT
5af46550a75edfe10769a1de,594a766fa59a682d75e95b15,59720c5a1917fd179a5047a5,KOZLU
5af46550a75edfe10769a1de,594a7003a59a682d75e9597e,5971ea72fcf5d90f163f85de,YILDIZELİ
5af46550a75edfe10769a1de,594a73b4a59a682d75e95a59,5970abef26093803a8449045,AKYAKA
5af46550a75edfe10769a1de,594a75cea59a682d75e95ae2,59720bc1c855cc1760bc8e7c,ÇAYIRALAN
5af46550a75edfe10769a1de,594a6fe9a59a682d75e95973,5970a6b4b6deb9031b7ab3fe,BEYLİKDÜZÜ
5af46550a75edfe10769a1de,594a6c330347602d2acc159f,59709fbd72eb310169d0c228,ARABAN
5af46550a75edfe10769a1de,594a741ca59a682d75e95a73,5970ad2d26093803a844904b,ÇATALZEYTİN
5af46550a75edfe10769a1de,594a6fcca59a682d75e95968,59708762c543e577fcfd601d,ERDEK
5af46550a75edfe10769a1de,594a6634353f242c0559fa21,597074d2c543e577fcfd6011,TUFANBEYLİ
5af46550a75edfe10769a1de,594a74ffa59a682d75e95aa0,597093458e35627a5dac6cf1,ÇERKEŞ
5af46550a75edfe10769a1de,594a79bdc7b3892e6253c72b,5970c97cc1dbff05ce3804a9,MİLAS
5af46550a75edfe10769a1de,594a72efa59a682d75e95a20,5971f1a99491450fa99b2a3c,NİKSAR
5af46550a75edfe10769a1de,594a7013a59a682d75e95983,59708762c543e577fcfd601d,SAVAŞTEPE
5af46550a75edfe10769a1de,594a7087a59a682d75e959a5,597087cfc543e577fcfd601e,ULUS
5af46550a75edfe10769a1de,594a783f6b91a22dd9fa7823,597099cad668fd7dc97f3e4c,KAYNAŞLI
5af46550a75edfe10769a1de,594a68ad0347602d2acc14ec,5970756bc543e577fcfd6012,SİNCİK
5af46550a75edfe10769a1de,594a6fa8a59a682d75e9595c,59708762c543e577fcfd601d,BURHANİYE
5af46550a75edfe10769a1de,594a6fafa59a682d75e9595d,59708762c543e577fcfd601d,DURSUNBEY
5af46550a75edfe10769a1de,594a72bca59a682d75e95a11,5970aa5c6fdfa1036f82f343,AFŞİN
5af46550a75edfe10769a1de,594a68840347602d2acc14e6,5970756bc543e577fcfd6012,BESNİ
5af46550a75edfe10769a1de,594a6606353f242c0559fa1c,597074d2c543e577fcfd6011,KOZAN
5af46550a75edfe10769a1de,594a70bfa59a682d75e959af,5970880fc543e577fcfd601f,GERCÜŞ
5af46550a75edfe10769a1de,594a702da59a682d75e95989,5970a6b4b6deb9031b7ab3fe,GÜNGÖREN
5af46550a75edfe10769a1de,594a6e64a59a682d75e95913,59707d74c543e577fcfd601a,HOPA
5af46550a75edfe10769a1de,594a6b480347602d2acc155d,5971dff1eff8140d0c84ff9c,HASANBEYLİ
5af46550a75edfe10769a1de,594a6c200347602d2acc159a,59707b93c543e577fcfd6017,HAYMANA
5af46550a75edfe10769a1de,594a7264a59a682d75e959fd,59708f280f92b778ed04d655,MUDURNU
5af46550a75edfe10769a1de,594a6ffaa59a682d75e9597a,59708762c543e577fcfd601d,MANYAS
5af46550a75edfe10769a1de,594a6bf10347602d2acc1591,59709ef61a4337014c7b392e,SARICAKAYA
5af46550a75edfe10769a1de,594a7aaec7b3892e6253c763,5970c6ccc8f315059540a2bd,ŞEHZADELER
5af46550a75edfe10769a1de,594a6f0ea59a682d75e95940,59707e3bc543e577fcfd601b,NAZİLLİ
5af46550a75edfe10769a1de,594a6f19a59a682d75e95944,59707e3bc543e577fcfd601b,SULTANHİSAR
5af46550a75edfe10769a1de,594a7201a59a682d75e959d9,5970a8887501e5035df33489,BUCA
5af46550a75edfe10769a1de,594a725fa59a682d75e959fc,59708f280f92b778ed04d655,MENGEN
5af46550a75edfe10769a1de,594a6a2f0347602d2acc1518,59709aeb63c16d7e3264dbc9,AĞIN
5af46550a75edfe10769a1de,594a737aa59a682d75e95a42,5971fea19280ac14c2ce8ff9,DERNEKPAZARI
5af46550a75edfe10769a1de,594a6e4fa59a682d75e9590d,59707d74c543e577fcfd601a,ARDANUÇ
5af46550a75edfe10769a1de,594a6bc30347602d2acc157f,59709ef61a4337014c7b392e,İNÖNÜ
5af46550a75edfe10769a1de,594a7aa3c7b3892e6253c760,5970c6ccc8f315059540a2bd,SELENDİ
5af46550a75edfe10769a1de,594a738fa59a682d75e95a4b,5970914898547679ab40048b,KELES
5af46550a75edfe10769a1de,594a70d8a59a682d75e959b4,5970880fc543e577fcfd601f,SASON
5af46550a75edfe10769a1de,594a6bc10347602d2acc157e,59707b93c543e577fcfd6017,AKYURT
5af46550a75edfe10769a1de,594a6dada59a682d75e958f2,5970a1cbc0062501a35ad100,KELKİT
5af46550a75edfe10769a1de,594a6dfba59a682d75e958fe,59707d10c543e577fcfd6019,ÇILDIR
5af46550a75edfe10769a1de,594a6b060347602d2acc154d,597079dec543e577fcfd6015,ORTAKÖY
5af46550a75edfe10769a1de,594a7999c7b3892e6253c71c,5970c50cc8f315059540a2bb,DOMANİÇ
5af46550a75edfe10769a1de,594a6f12a59a682d75e95942,59707e3bc543e577fcfd601b,SÖKE
5af46550a75edfe10769a1de,594a6b510347602d2acc1561,59707a42c543e577fcfd6016,GÖYNÜCEK
5af46550a75edfe10769a1de,594a6c7a0347602d2acc15b8,5971e1dd208f420d86e6df9b,KAYNARCA
5af46550a75edfe10769a1de,594a6e96a59a682d75e95926,5971e939c0979a0e99befaf7,GERZE
5af46550a75edfe10769a1de,5985ebc67f448a1403b05e76,59708e760f92b778ed04d654,MERKEZ
5af46550a75edfe10769a1de,594a798dc7b3892e6253c719,5970c97cc1dbff05ce3804a9,BODRUM
5af46550a75edfe10769a1de,594a764ba59a682d75e95b06,5970981838e1c97d47a41943,ÇAL
5af46550a75edfe10769a1de,594a698b0347602d2acc1500,5970775cc543e577fcfd6013,İHSANİYE
5af46550a75edfe10769a1de,594a724ea59a682d75e959f4,59708f280f92b778ed04d655,GÖYNÜK
5af46550a75edfe10769a1de,594a73f3a59a682d75e95a67,5970914898547679ab40048b,KESTEL
5af46550a75edfe10769a1de,594a75d0a59a682d75e95ae3,597094358771377b09f58df9,SUNGURLU
5af46550a75edfe10769a1de,594a7206a59a682d75e959db,59708e760f92b778ed04d654,HİZAN
5af46550a75edfe10769a1de,594a7430a59a682d75e95a77,5970ad2d26093803a844904b,DEVREKANİ
5af46550a75edfe10769a1de,594a6c510347602d2acc15aa,59709fbd72eb310169d0c228,NURDAĞI
5af46550a75edfe10769a1de,594a6f91a59a682d75e95953,59708762c543e577fcfd601d,BANDIRMA
5af46550a75edfe10769a1de,594a78b66b91a22dd9fa782d,5970b9e348c611046777f8d6,TUZLUKÇU
5af46550a75edfe10769a1de,594a768fa59a682d75e95b20,5970b5d748c611046777f8d3,GÖLCÜK
5af46550a75edfe10769a1de,594a73c0a59a682d75e95a5d,5970914898547679ab40048b,OSMANGAZİ
5af46550a75edfe10769a1de,594a7530a59a682d75e95ab3,5971f08e9491450fa99b2a3b,SARAY
5af46550a75edfe10769a1de,594a65d3353f242c0559fa17,597074d2c543e577fcfd6011,ÇUKUROVA
5af46550a75edfe10769a1de,594a6d51a59a682d75e958d9,59707cbac543e577fcfd6018,GAZİPAŞA
5af46550a75edfe10769a1de,594a7087a59a682d75e959a6,5971eb87c3f2170f283c381f,KARAKÖPRÜ
5af46550a75edfe10769a1de,594a6c620347602d2acc15b2,59709fbd72eb310169d0c228,ŞEHİTKAMİL
5af46550a75edfe10769a1de,594a79b6c7b3892e6253c728,5970c50cc8f315059540a2bb,ŞAPHANE
5af46550a75edfe10769a1de,594a7683a59a682d75e95b1b,5970981838e1c97d47a41943,SARAYKÖY
5af46550a75edfe10769a1de,594a71a5a59a682d75e959c3,59708dc60f92b778ed04d653,KARLIOVA
5af46550a75edfe10769a1de,594a720ea59a682d75e959df,59708e760f92b778ed04d654,MUTKİ
5af46550a75edfe10769a1de,594a69bb0347602d2acc150c,5970775cc543e577fcfd6013,ŞUHUT
5af46550a75edfe10769a1de,594a753da59a682d75e95ab9,597093458e35627a5dac6cf1,YAPRAKLI
5af46550a75edfe10769a1de,594a69af0347602d2acc150a,5970775cc543e577fcfd6013,SİNANPAŞA
5af46550a75edfe10769a1de,594a7a37c7b3892e6253c747,5970c856c8f315059540a2bf,MUT
5af46550a75edfe10769a1de,594a7520a59a682d75e95aad,5972008ecfbaa414d6d4817d,İPEKYOLU
5af46550a75edfe10769a1de,594a7a20c7b3892e6253c740,5970c856c8f315059540a2bf,ÇAMLIYAYLA
5af46550a75edfe10769a1de,594a6f8aa59a682d75e95951,59708762c543e577fcfd601d,BALYA
5af46550a75edfe10769a1de,594a7678a59a682d75e95b17,5970b5d748c611046777f8d3,ÇAYIROVA
5af46550a75edfe10769a1de,594a75c0a59a682d75e95add,597094358771377b09f58df9,ORTAKÖY
5af46550a75edfe10769a1de,594a754da59a682d75e95abb,5970ae366b3b2c03bee2ef60,TALAS
5af46550a75edfe10769a1de,594a6e75a59a682d75e95919,59707d74c543e577fcfd601a,ŞAVŞAT
5af46550a75edfe10769a1de,594a7240a59a682d75e959ec,59708f280f92b778ed04d655,DÖRTDİVAN
5af46550a75edfe10769a1de,594a7611a59a682d75e95af7,5970b4eb48c611046777f8d1,BOZTEPE
5af46550a75edfe10769a1de,594a6d5ba59a682d75e958db,59707cbac543e577fcfd6018,GÜNDOĞMUŞ
5af46550a75edfe10769a1de,594a6bd80347602d2acc1589,5971e0c844baa80d4110fcd6,İYİDERE
5af46550a75edfe10769a1de,594a7256a59a682d75e959f8,5970a8887501e5035df33489,NARLIDERE
5af46550a75edfe10769a1de,594a73c7a59a682d75e95a60,5970914898547679ab40048b,YENİŞEHİR
5af46550a75edfe10769a1de,594a7aa3c7b3892e6253c75f,5970c75bc8f315059540a2be,MİDYAT
5af46550a75edfe10769a1de,594a75afa59a682d75e95ad7,59720bc1c855cc1760bc8e7c,AKDAĞMADENİ
5af46550a75edfe10769a1de,594a71b8a59a682d75e959c6,59708dc60f92b778ed04d653,YAYLADERE
5af46550a75edfe10769a1de,594a7152a59a682d75e959ba,59708c8bc543e577fcfd6021,GÖLPAZARI
5af46550a75edfe10769a1de,594a6bc80347602d2acc1581,59707b93c543e577fcfd6017,ALTINDAĞ
5af46550a75edfe10769a1de,594a6e76a59a682d75e9591a,5970a2a99cffad0202dd176f,İSKENDERUN
5af46550a75edfe10769a1de,594a75d3a59a682d75e95ae4,5970b3d648c611046777f8d0,KOFÇAZ
5af46550a75edfe10769a1de,594a65f7353f242c0559fa1a,597074d2c543e577fcfd6011,KARAİSALI
5af46550a75edfe10769a1de,594a6c560347602d2acc15ad,59709fbd72eb310169d0c228,OĞUZELİ
5af46550a75edfe10769a1de,594a6cac0347602d2acc15c4,5970a16972eb310169d0c229,ÇAMOLUK
5af46550a75edfe10769a1de,594a71bca59a682d75e959c7,59708dc60f92b778ed04d653,YEDİSU
5af46550a75edfe10769a1de,594a75c6a59a682d75e95adf,597094358771377b09f58df9,OSMANCIK
5af46550a75edfe10769a1de,594a721ba59a682d75e959e3,5970a8887501e5035df33489,GAZİEMİR
5af46550a75edfe10769a1de,594a77bbfe41fe2daf974f24,5970b9e348c611046777f8d6,SELÇUKLU
5af46550a75edfe10769a1de,594a724fa59a682d75e959f5,5971f08e9491450fa99b2a3b,HAYRABOLU
5af46550a75edfe10769a1de,594a6a890347602d2acc1531,59707929c543e577fcfd6014,TUTAK
5af46550a75edfe10769a1de,594a6bad0347602d2acc1577,59709ef61a4337014c7b392e,BEYLİKOVA
5af46550a75edfe10769a1de,594a7372a59a682d75e95a3e,5970914898547679ab40048b,HARMANCIK
5af46550a75edfe10769a1de,594a7685a59a682d75e95b1c,5970b5d748c611046777f8d3,DİLOVASI
5af46550a75edfe10769a1de,594a6b4e0347602d2acc155f,59709c7865d27c7f6c73f6a6,OLUR
5af46550a75edfe10769a1de,594a65bf353f242c0559fa16,597074d2c543e577fcfd6011,CEYHAN
5af46550a75edfe10769a1de,594a707ba59a682d75e9599f,597087cfc543e577fcfd601e,AMASRA
5af46550a75edfe10769a1de,594a6ef4a59a682d75e95939,59707e3bc543e577fcfd601b,KOÇARLI
5af46550a75edfe10769a1de,594a7378a59a682d75e95a41,5970914898547679ab40048b,İNEGÖL
5af46550a75edfe10769a1de,594a69c70347602d2acc150e,59709a420f45807e0fc9858d,LALAPAŞA
5af46550a75edfe10769a1de,594a7a10c7b3892e6253c739,5970c856c8f315059540a2bf,ANAMUR
5af46550a75edfe10769a1de,594a6b7f0347602d2acc1570,59707a42c543e577fcfd6016,TAŞOVA
5af46550a75edfe10769a1de,594a697d0347602d2acc14fc,5970775cc543e577fcfd6013,EVCİLER
5af46550a75edfe10769a1de,594a72aba59a682d75e95a0c,5970902b2fe9f67934a03d01,ALTINYAYLA
5af46550a75edfe10769a1de,594a7507a59a682d75e95aa3,597093458e35627a5dac6cf1,ELDİVAN
5af46550a75edfe10769a1de,594a768aa59a682d75e95b1e,5970981838e1c97d47a41943,SERİNHİSAR
5af46550a75edfe10769a1de,594a6bfe0347602d2acc1594,59709ef61a4337014c7b392e,SİVRİHİSAR
5af46550a75edfe10769a1de,594a7389a59a682d75e95a49,5970914898547679ab40048b,KARACABEY
5af46550a75edfe10769a1de,594a6ff3a59a682d75e95977,59708762c543e577fcfd601d,KEPSUT
5af46550a75edfe10769a1de,594a69540347602d2acc14f2,5970775cc543e577fcfd6013,ÇAY
5af46550a75edfe10769a1de,594a76efa59a682d75e95b2c,5970b9e348c611046777f8d6,AKŞEHİR
5af46550a75edfe10769a1de,594a72dca59a682d75e95a1c,5971f1a99491450fa99b2a3c,ERBAA
5af46550a75edfe10769a1de,594a72f4a59a682d75e95a22,5970902b2fe9f67934a03d01,TEFENNİ
5af46550a75edfe10769a1de,594a71e9a59a682d75e959ce,5970a8887501e5035df33489,BAYINDIR
5af46550a75edfe10769a1de,594a7592a59a682d75e95acb,5970af105a30c303f2e0712f,ÇELEBİ
5af46550a75edfe10769a1de,594a79ffc7b3892e6253c735,5970c5ddc8f315059540a2bc,BATTALGAZİ
5af46550a75edfe10769a1de,594a6d9aa59a682d75e958eb,59707cbac543e577fcfd6018,MANAVGAT
5af46550a75edfe10769a1de,594a660d353f242c0559fa1d,597074d2c543e577fcfd6011,POZANTI
5af46550a75edfe10769a1de,594a75a7a59a682d75e95ad4,597094358771377b09f58df9,KARGI
5af46550a75edfe10769a1de,594a6dfca59a682d75e958ff,5971e8b6c79f460e8854f390,BAYKAN
5af46550a75edfe10769a1de,594a75bea59a682d75e95adb,59720bc1c855cc1760bc8e7c,BOĞAZLIYAN
5af46550a75edfe10769a1de,594a68900347602d2acc14e7,5970756bc543e577fcfd6012,ÇELİKHAN
5af46550a75edfe10769a1de,594a6a3a0347602d2acc151b,59709aeb63c16d7e3264dbc9,ARICAK
5af46550a75edfe10769a1de,594a7448a59a682d75e95a7c,5970927aaf324179fc618c07,AYVACIK
5af46550a75edfe10769a1de,594a6eb7a59a682d75e9592c,59707e3bc543e577fcfd601b,BUHARKENT
5af46550a75edfe10769a1de,594a701ba59a682d75e95985,59708762c543e577fcfd601d,SINDIRGI
5af46550a75edfe10769a1de,594a6b0d0347602d2acc154e,597079dec543e577fcfd6015,SARIYAHŞİ
5af46550a75edfe10769a1de,594a71efa59a682d75e959d2,59708e760f92b778ed04d654,AHLAT
5af46550a75edfe10769a1de,594a7a8fc7b3892e6253c759,5970c75bc8f315059540a2be,DERİK
5af46550a75edfe10769a1de,594a73f8a59a682d75e95a68,5970ad2d26093803a844904b,ABANA
5af46550a75edfe10769a1de,594a6fd7a59a682d75e9596d,5970a3ed206b380222376400,GÖNEN
5af46550a75edfe10769a1de,594a6646353f242c0559fa23,597074d2c543e577fcfd6011,YÜREĞİR
5af46550a75edfe10769a1de,594a6e00a59a682d75e95900,59707d10c543e577fcfd6019,DAMAL
5af46550a75edfe10769a1de,594a74f8a59a682d75e95a9d,597093458e35627a5dac6cf1,BAYRAMÖREN
5af46550a75edfe10769a1de,594a7021a59a682d75e95987,59708762c543e577fcfd601d,SUSURLUK
5af46550a75edfe10769a1de,594a6ba20347602d2acc1574,59709ef61a4337014c7b392e,ALPU
5af46550a75edfe10769a1de,594a6e0ba59a682d75e95904,59707d10c543e577fcfd6019,HANAK
5af46550a75edfe10769a1de,594a6a930347602d2acc1533,5971df57a535fa0cfb521933,GÖLKÖY
5af46550a75edfe10769a1de,594a7166a59a682d75e959bd,59708c8bc543e577fcfd6021,PAZARYERİ
5af46550a75edfe10769a1de,594a6e7ba59a682d75e9591c,59707d74c543e577fcfd601a,YUSUFELİ
5af46550a75edfe10769a1de,594a739ea59a682d75e95a51,5971fea19280ac14c2ce8ff9,SÜRMENE
5af46550a75edfe10769a1de,594a7272a59a682d75e95a03,5970a8887501e5035df33489,TORBALI
5af46550a75edfe10769a1de,594a724ca59a682d75e959f3,5970a8887501e5035df33489,MENDERES
5af46550a75edfe10769a1de,594a7604a59a682d75e95af1,59720bc1c855cc1760bc8e7c,YENİFAKILI
5af46550a75edfe10769a1de,594a7019a59a682d75e95984,5970a6b4b6deb9031b7ab3fe,EYÜPSULTAN
5af46550a75edfe10769a1de,594a774ffe41fe2daf974f13,597099559af7347d6bdd1bf6,KULP
5af46550a75edfe10769a1de,594a704da59a682d75e9598f,5970a6b4b6deb9031b7ab3fe,KÜÇÜKÇEKMECE
5af46550a75edfe10769a1de,594a78b06b91a22dd9fa782b,5970b9e348c611046777f8d6,TAŞKENT
5af46550a75edfe10769a1de,594a789a6b91a22dd9fa7826,5971dc911192730b80ad9283,BULANIK
5af46550a75edfe10769a1de,594a6b520347602d2acc1562,59709c7865d27c7f6c73f6a6,PALANDÖKEN
5af46550a75edfe10769a1de,594a6a5d0347602d2acc1527,5971df57a535fa0cfb521933,AYBASTI
5af46550a75edfe10769a1de,594a6d72a59a682d75e958e2,5971e3603afe0e0dab250e76,HAVZA
5af46550a75edfe10769a1de,5985ebcf7f448a1403b05e77,59708f280f92b778ed04d655,MERKEZ
5af46550a75edfe10769a1de,594a71b1a59a682d75e959c5,59708dc60f92b778ed04d653,SOLHAN
5af46550a75edfe10769a1de,594a72fca59a682d75e95a25,5970902b2fe9f67934a03d01,YEŞİLOVA
5af46550a75edfe10769a1de,594a6bb30347602d2acc1579,5971e0c844baa80d4110fcd6,DEREPAZARI
5af46550a75edfe10769a1de,594a6fd2a59a682d75e9596b,59708762c543e577fcfd601d,GÖMEÇ
5af46550a75edfe10769a1de,594a6fc6a59a682d75e95966,59708762c543e577fcfd601d,EDREMİT
5af46550a75edfe10769a1de,594a6f4aa59a682d75e9594b,5970a3ed206b380222376400,YALVAÇ
5af46550a75edfe10769a1de,594a6b6b0347602d2acc156b,59709c7865d27c7f6c73f6a6,TORTUM
5af46550a75edfe10769a1de,594a71f6a59a682d75e959d5,59708e760f92b778ed04d654,GÜROYMAK
5af46550a75edfe10769a1de,594a71fca59a682d75e959d7,5971ed0ee025530f95b3d4c7,İDİL
5af46550a75edfe10769a1de,594a74b2a59a682d75e95a92,5971ffbacfbaa414d6d4817c,SİVASLI
5af46550a75edfe10769a1de,594a750ea59a682d75e95aa7,5970ae366b3b2c03bee2ef60,HACILAR
5af46550a75edfe10769a1de,594a75a0a59a682d75e95ad2,5970af105a30c303f2e0712f,KESKİN
5af46550a75edfe10769a1de,594a773bfe41fe2daf974f0e,5970b9e348c611046777f8d6,DEREBUCAK
5af46550a75edfe10769a1de,594a71f4a59a682d75e959d3,5970a8887501e5035df33489,BERGAMA
5af46550a75edfe10769a1de,594a73aba59a682d75e95a56,5970914898547679ab40048b,NİLÜFER
5af46550a75edfe10769a1de,5985ecfe7f448a1403b05e97,5970af105a30c303f2e0712f,MERKEZ
5af46550a75edfe10769a1de,594a6e10a59a682d75e95905,59707d10c543e577fcfd6019,POSOF
5af46550a75edfe10769a1de,594a6e05a59a682d75e95902,59707d10c543e577fcfd6019,GÖLE
5af46550a75edfe10769a1de,594a6f16a59a682d75e95943,59708762c543e577fcfd601d,GÖNEN
5af46550a75edfe10769a1de,594a71aca59a682d75e959c4,59708dc60f92b778ed04d653,KİĞI
5af46550a75edfe10769a1de,594a78396b91a22dd9fa7822,597099cad668fd7dc97f3e4c,GÜMÜŞOVA
5af46550a75edfe10769a1de,594a7669a59a682d75e95b11,5970981838e1c97d47a41943,HONAZ
5af46550a75edfe10769a1de,594a7641a59a682d75e95b01,5970981838e1c97d47a41943,BOZKURT
5af46550a75edfe10769a1de,594a720ca59a682d75e959de,5970a8887501e5035df33489,ÇİĞLİ
5af46550a75edfe10769a1de,594a6fa6a59a682d75e9595b,5971ea72fcf5d90f163f85de,DİVRİĞİ
5af46550a75edfe10769a1de,594a6eeaa59a682d75e95937,59707e3bc543e577fcfd601b,KARPUZLU
5af46550a75edfe10769a1de,594a6b790347602d2acc156f,59707a42c543e577fcfd6016,SULUOVA
5af46550a75edfe10769a1de,594a6bf10347602d2acc1592,59707b93c543e577fcfd6017,ELMADAĞ
5af46550a75edfe10769a1de,594a6ae50347602d2acc1549,597079dec543e577fcfd6015,ESKİL
5af46550a75edfe10769a1de,594a7068a59a682d75e95998,5971eb87c3f2170f283c381f,EYYÜBİYE
5af46550a75edfe10769a1de,594a7648a59a682d75e95b04,5970b53048c611046777f8d2,MUSABEYLİ
5af46550a75edfe10769a1de,594a6c070347602d2acc1597,59707b93c543e577fcfd6017,EVREN
5af46550a75edfe10769a1de,594a6f23a59a682d75e95947,5970a3ed206b380222376400,SENİRKENT
5af46550a75edfe10769a1de,594a78af6b91a22dd9fa782a,5971dc911192730b80ad9283,MALAZGİRT
5af46550a75edfe10769a1de,594a73cba59a682d75e95a61,5970914898547679ab40048b,YILDIRIM
5af46550a75edfe10769a1de,594a75baa59a682d75e95ada,597094358771377b09f58df9,OĞUZLAR
5af46550a75edfe10769a1de,594a6b5c0347602d2acc1566,59707a42c543e577fcfd6016,GÜMÜŞHACIKÖY
5af46550a75edfe10769a1de,594a75dea59a682d75e95ae8,59720bc1c855cc1760bc8e7c,KADIŞEHRİ
5af46550a75edfe10769a1de,594a6f09a59a682d75e9593e,59707e3bc543e577fcfd601b,KUYUCAK
5af46550a75edfe10769a1de,594a6b6c0347602d2acc156c,59707a42c543e577fcfd6016,MERZİFON
5af46550a75edfe10769a1de,594a6c040347602d2acc1596,59709ef61a4337014c7b392e,TEPEBAŞI
5af46550a75edfe10769a1de,594a6fe7a59a682d75e95972,59708762c543e577fcfd601d,İVRİNDİ
5af46550a75edfe10769a1de,594a7206a59a682d75e959dc,5970a8887501e5035df33489,ÇEŞME
5af46550a75edfe10769a1de,594a663f353f242c0559fa22,597074d2c543e577fcfd6011,YUMURTALIK
5af46550a75edfe10769a1de,594a72d4a59a682d75e95a18,5970902b2fe9f67934a03d01,KARAMANLI
5af46550a75edfe10769a1de,594a70d2a59a682d75e959b3,5970880fc543e577fcfd601f,KOZLUK
5af46550a75edfe10769a1de,594a7a4fc7b3892e6253c74c,5970c856c8f315059540a2bf,YENİŞEHİR
5af46550a75edfe10769a1de,594a69710347602d2acc14f8,5970775cc543e577fcfd6013,EMİRDAĞ
5af46550a75edfe10769a1de,5985ed0c7f448a1403b05e98,5970880fc543e577fcfd601f,MERKEZ
5af46550a75edfe10769a1de,594a6e61a59a682d75e95912,5970a2a99cffad0202dd176f,DEFNE
5af46550a75edfe10769a1de,594a6e8ba59a682d75e95922,5971e939c0979a0e99befaf7,DURAĞAN
5af46550a75edfe10769a1de,594a69440347602d2acc14f0,5970775cc543e577fcfd6013,BAYAT
5af46550a75edfe10769a1de,594a6ec8a59a682d75e9592f,59707e3bc543e577fcfd601b,DİDİM
5af46550a75edfe10769a1de,594a7611a59a682d75e95af6,5970981838e1c97d47a41943,ACIPAYAM
5af46550a75edfe10769a1de,594a79b2c7b3892e6253c726,5970c50cc8f315059540a2bb,SİMAV
5af46550a75edfe10769a1de,594a75b5a59a682d75e95ad9,597094358771377b09f58df9,MECİTÖZÜ
5af46550a75edfe10769a1de,594a72b0a59a682d75e95a0e,5970902b2fe9f67934a03d01,BUCAK
5af46550a75edfe10769a1de,594a7408a59a682d75e95a6d,5970ad2d26093803a844904b,AZDAVAY
5af46550a75edfe10769a1de,594a6f7ca59a682d75e9594e,59708762c543e577fcfd601d,ALTIEYLÜL
5af46550a75edfe10769a1de,594a6d3da59a682d75e958d0,59707cbac543e577fcfd6018,DÖŞEMEALTI
5af46550a75edfe10769a1de,594a6fc6a59a682d75e95965,5970a6b4b6deb9031b7ab3fe,BAŞAKŞEHİR
5af46550a75edfe10769a1de,594a6d89a59a682d75e958e8,59707cbac543e577fcfd6018,KORKUTELİ
5af46550a75edfe10769a1de,594a69820347602d2acc14fd,5970775cc543e577fcfd6013,HOCALAR
5af46550a75edfe10769a1de,594a6bec0347602d2acc1590,59707b93c543e577fcfd6017,ÇUBUK
5af46550a75edfe10769a1de,594a75c8a59a682d75e95ae0,5970b3d648c611046777f8d0,BABAESKİ
5af46550a75edfe10769a1de,594a6d4aa59a682d75e958d4,5970a16972eb310169d0c229,TİREBOLU
5af46550a75edfe10769a1de,594a6ecda59a682d75e95931,59707e3bc543e577fcfd601b,EFELER
5af46550a75edfe10769a1de,594a78c46b91a22dd9fa782f,5970b9e348c611046777f8d6,YUNAK
5af46550a75edfe10769a1de,5985ebdd7f448a1403b05e79,5970927aaf324179fc618c07,MERKEZ
5af46550a75edfe10769a1de,594a74e8a59a682d75e95a98,5972008ecfbaa414d6d4817d,BAŞKALE
5af46550a75edfe10769a1de,594a68950347602d2acc14e8,5970756bc543e577fcfd6012,GERGER
5af46550a75edfe10769a1de,594a6d44a59a682d75e958d2,59707cbac543e577fcfd6018,ELMALI
5af46550a75edfe10769a1de,594a65ae353f242c0559fa15,597074d2c543e577fcfd6011,ALADAĞ
5af46550a75edfe10769a1de,594a75cda59a682d75e95ae1,5970b3d648c611046777f8d0,DEMİRKÖY
5af46550a75edfe10769a1de,594a770ea59a682d75e95b35,5970b9e348c611046777f8d6,ÇELTİK
5af46550a75edfe10769a1de,594a6ebda59a682d75e9592d,59707e3bc543e577fcfd601b,ÇİNE
5af46550a75edfe10769a1de,594a7013a59a682d75e95982,5970a6b4b6deb9031b7ab3fe,ESENYURT
5af46550a75edfe10769a1de,594a79d5c7b3892e6253c72f,5970c97cc1dbff05ce3804a9,YATAĞAN
5af46550a75edfe10769a1de,594a6ffba59a682d75e9597c,5971ea72fcf5d90f163f85de,ULAŞ
5af46550a75edfe10769a1de,594a7479a59a682d75e95a85,5970927aaf324179fc618c07,ÇAN
5af46550a75edfe10769a1de,594a7a91c7b3892e6253c75a,5970c6ccc8f315059540a2bd,SALİHLİ
5af46550a75edfe10769a1de,5985ed437f448a1403b05e9b,59707d10c543e577fcfd6019,MERKEZ
5af46550a75edfe10769a1de,594a6d2ca59a682d75e958ca,59707cbac543e577fcfd6018,ALANYA
5af46550a75edfe10769a1de,594a6b660347602d2acc156a,59707a42c543e577fcfd6016,HAMAMÖZÜ
5af46550a75edfe10769a1de,594a7277a59a682d75e95a06,59708f280f92b778ed04d655,YENİÇAĞA
5af46550a75edfe10769a1de,594a6be00347602d2acc158b,59707b93c543e577fcfd6017,ÇAMLIDERE
5af46550a75edfe10769a1de,594a72c4a59a682d75e95a14,5970902b2fe9f67934a03d01,ÇELTİKÇİ
5af46550a75edfe10769a1de,594a7650a59a682d75e95b09,5970981838e1c97d47a41943,ÇAMELİ
5af46550a75edfe10769a1de,594a6fe5a59a682d75e95971,5971ea72fcf5d90f163f85de,KOYULHİSAR
5af46550a75edfe10769a1de,594a6acf0347602d2acc1543,59709b7ab343a27ebe93a294,ÜZÜMLÜ
5af46550a75edfe10769a1de,594a6d32a59a682d75e958cc,59707cbac543e577fcfd6018,DEMRE
5af46550a75edfe10769a1de,594a68b20347602d2acc14ed,5970756bc543e577fcfd6012,TUT
5af46550a75edfe10769a1de,594a6f1fa59a682d75e95946,59707e3bc543e577fcfd601b,YENİPAZAR
5af46550a75edfe10769a1de,594a737fa59a682d75e95a44,5970914898547679ab40048b,İZNİK
5af46550a75edfe10769a1de,594a72b8a59a682d75e95a10,5970902b2fe9f67934a03d01,ÇAVDIR
5af46550a75edfe10769a1de,594a6f56a59a682d75e9594d,5970a3ed206b380222376400,YENİŞARBADEMLİ
5af46550a75edfe10769a1de,594a6a410347602d2acc151e,59707929c543e577fcfd6014,DİYADİN
5af46550a75edfe10769a1de,594a70cba59a682d75e959b1,5970880fc543e577fcfd601f,HASANKEYF
5af46550a75edfe10769a1de,594a752ba59a682d75e95ab1,597093458e35627a5dac6cf1,KURŞUNLU
5af46550a75edfe10769a1de,594a73cda59a682d75e95a62,5970abef26093803a8449045,SARIKAMIŞ
5af46550a75edfe10769a1de,594a734da59a682d75e95a31,5970ab11b32b480380e94be4,ESKİPAZAR
5af46550a75edfe10769a1de,594a72a4a59a682d75e95a0b,5970902b2fe9f67934a03d01,AĞLASUN
5af46550a75edfe10769a1de,594a6b430347602d2acc155c,59709c7865d27c7f6c73f6a6,NARMAN
5af46550a75edfe10769a1de,594a7737fe41fe2daf974f0d,597099559af7347d6bdd1bf6,HAZRO
5af46550a75edfe10769a1de,594a7530a59a682d75e95ab5,5970ae366b3b2c03bee2ef60,PINARBAŞI
5af46550a75edfe10769a1de,594a7159a59a682d75e959bb,59708c8bc543e577fcfd6021,İNHİSAR
5af46550a75edfe10769a1de,594a716ca59a682d75e959be,59708c8bc543e577fcfd6021,SÖĞÜT
5af46550a75edfe10769a1de,5985eb857f448a1403b05e70,5970775cc543e577fcfd6013,MERKEZ
5af46550a75edfe10769a1de,5985ecd67f448a1403b05e93,59720c5a1917fd179a5047a5,MERKEZ
5af46550a75edfe10769a1de,594a7475a59a682d75e95a84,5970927aaf324179fc618c07,BOZCAADA
5af46550a75edfe10769a1de,594a6fa0a59a682d75e95957,5971ea72fcf5d90f163f85de,ALTINYAYLA
5af46550a75edfe10769a1de,594a69750347602d2acc14fa,5971dd3346337f0bfb9b5b6f,AVANOS
5af46550a75edfe10769a1de,594a761ba59a682d75e95afb,5970981838e1c97d47a41943,BAKLAN
5af46550a75edfe10769a1de,594a73d8a59a682d75e95a64,5970abef26093803a8449045,SUSUZ
5af46550a75edfe10769a1de,594a6e97a59a682d75e95927,5970a2a99cffad0202dd176f,YAYLADAĞI
5af46550a75edfe10769a1de,594a715fa59a682d75e959bc,59708c8bc543e577fcfd6021,OSMANELİ
5af46550a75edfe10769a1de,594a714ca59a682d75e959b9,59708c8bc543e577fcfd6021,BOZÜYÜK
5af46550a75edfe10769a1de,5985ec597f448a1403b05e86,5970b4eb48c611046777f8d1,MERKEZ
5af46550a75edfe10769a1de,594a6e0ba59a682d75e95903,5971e8b6c79f460e8854f390,KURTALAN
5af46550a75edfe10769a1de,594a6da6a59a682d75e958f0,59707cbac543e577fcfd6018,SERİK
5af46550a75edfe10769a1de,594a662c353f242c0559fa20,597074d2c543e577fcfd6011,SEYHAN
5af46550a75edfe10769a1de,594a6feca59a682d75e95974,59708762c543e577fcfd601d,KARESİ
5af46550a75edfe10769a1de,594a7aa6c7b3892e6253c761,5970c6ccc8f315059540a2bd,SOMA
5af46550a75edfe10769a1de,594a69880347602d2acc14ff,5971dd3346337f0bfb9b5b6f,HACIBEKTAŞ
5af46550a75edfe10769a1de,594a6a790347602d2acc152d,59707929c543e577fcfd6014,PATNOS
5af46550a75edfe10769a1de,594a763ba59a682d75e95aff,5970981838e1c97d47a41943,BEYAĞAÇ
5af46550a75edfe10769a1de,594a748aa59a682d75e95a8a,5970927aaf324179fc618c07,EZİNE
5af46550a75edfe10769a1de,594a74a6a59a682d75e95a8f,5970927aaf324179fc618c07,LAPSEKİ
5af46550a75edfe10769a1de,5985ec1d7f448a1403b05e80,5970a1cbc0062501a35ad100,MERKEZ
5af46550a75edfe10769a1de,594a6b610347602d2acc1568,59709c7865d27c7f6c73f6a6,ŞENKAYA
5af46550a75edfe10769a1de,594a711fa59a682d75e959b6,59708841c543e577fcfd6020,AYDINTEPE
5af46550a75edfe10769a1de,594a73b6a59a682d75e95a5a,5971fea19280ac14c2ce8ff9,YOMRA
5af46550a75edfe10769a1de,594a74aea59a682d75e95a91,5970927aaf324179fc618c07,YENİCE
5af46550a75edfe10769a1de,594a76f6a59a682d75e95b2d,5970b9e348c611046777f8d6,ALTINEKİN
5af46550a75edfe10769a1de,594a68a70347602d2acc14eb,5970756bc543e577fcfd6012,SAMSAT
5af46550a75edfe10769a1de,594a7491a59a682d75e95a8b,5970927aaf324179fc618c07,GELİBOLU
5af46550a75edfe10769a1de,594a73b8a59a682d75e95a5b,5970914898547679ab40048b,ORHANGAZİ
5af46550a75edfe10769a1de,594a6bd70347602d2acc1588,59707b93c543e577fcfd6017,BEYPAZARI
5af46550a75edfe10769a1de,594a6c130347602d2acc1598,59707b93c543e577fcfd6017,GÖLBAŞI
5af46550a75edfe10769a1de,594a767ca59a682d75e95b19,5970981838e1c97d47a41943,PAMUKKALE
5af46550a75edfe10769a1de,594a766da59a682d75e95b13,5970b5d748c611046777f8d3,BAŞİSKELE
5af46550a75edfe10769a1de,594a6e6fa59a682d75e95918,59707d74c543e577fcfd601a,MURGUL
5af46550a75edfe10769a1de,594a6add0347602d2acc1547,597079dec543e577fcfd6015,AĞAÇÖREN
5af46550a75edfe10769a1de,594a79a6c7b3892e6253c721,5970c50cc8f315059540a2bb,GEDİZ
5af46550a75edfe10769a1de,594a7539a59a682d75e95ab8,5970ae366b3b2c03bee2ef60,SARIOĞLAN
5af46550a75edfe10769a1de,594a7402a59a682d75e95a6c,5970ad2d26093803a844904b,ARAÇ
5af46550a75edfe10769a1de,594a7396a59a682d75e95a4f,5970914898547679ab40048b,MUDANYA
5af46550a75edfe10769a1de,594a7585a59a682d75e95ac7,597094358771377b09f58df9,ALACA
5af46550a75edfe10769a1de,594a7214a59a682d75e959e1,59708e760f92b778ed04d654,TATVAN
5af46550a75edfe10769a1de,594a6c530347602d2acc15ab,59707b93c543e577fcfd6017,NALLIHAN
5af46550a75edfe10769a1de,594a6d28a59a682d75e958c8,59707cbac543e577fcfd6018,AKSU
5af46550a75edfe10769a1de,594a73a4a59a682d75e95a53,5970914898547679ab40048b,MUSTAFAKEMALPAŞA
5af46550a75edfe10769a1de,5985ec7c7f448a1403b05e89,5971dd3346337f0bfb9b5b6f,MERKEZ
5af46550a75edfe10769a1de,594a72d8a59a682d75e95a1b,5970902b2fe9f67934a03d01,KEMER
5af46550a75edfe10769a1de,594a79c2c7b3892e6253c72c,5970c97cc1dbff05ce3804a9,ORTACA
5af46550a75edfe10769a1de,594a6d79a59a682d75e958e3,59707cbac543e577fcfd6018,KEPEZ
5af46550a75edfe10769a1de,594a6bc60347602d2acc1580,5971e0c844baa80d4110fcd6,GÜNEYSU
5af46550a75edfe10769a1de,594a7a7cc7b3892e6253c754,5970c6ccc8f315059540a2bd,KIRKAĞAÇ
5af46550a75edfe10769a1de,594a7592a59a682d75e95acc,597094358771377b09f58df9,BOĞAZKALE
5af46550a75edfe10769a1de,594a7616a59a682d75e95af8,5970981838e1c97d47a41943,BABADAĞ
5af46550a75edfe10769a1de,594a693d0347602d2acc14ef,5970775cc543e577fcfd6013,BAŞMAKÇI
5af46550a75edfe10769a1de,594a6db2a59a682d75e958f4,5971e3603afe0e0dab250e76,YAKAKENT
5af46550a75edfe10769a1de,594a6d6ba59a682d75e958e0,59707cbac543e577fcfd6018,KAŞ
5af46550a75edfe10769a1de,594a69a60347602d2acc1507,59709a420f45807e0fc9858d,İPSALA
5af46550a75edfe10769a1de,594a73bda59a682d75e95a5c,5970abef26093803a8449045,ARPAÇAY
5af46550a75edfe10769a1de,594a694f0347602d2acc14f1,5970775cc543e577fcfd6013,BOLVADİN
5af46550a75edfe10769a1de,594a6b650347602d2acc1569,59709c7865d27c7f6c73f6a6,TEKMAN
5af46550a75edfe10769a1de,594a6f01a59a682d75e9593c,59707e3bc543e577fcfd601b,KUŞADASI
5af46550a75edfe10769a1de,594a765da59a682d75e95b0c,5970981838e1c97d47a41943,ÇİVRİL
5af46550a75edfe10769a1de,594a7369a59a682d75e95a3b,5970914898547679ab40048b,GÜRSU
5af46550a75edfe10769a1de,594a6a410347602d2acc151d,59709aeb63c16d7e3264dbc9,BASKİL
5af46550a75edfe10769a1de,594a6e56a59a682d75e9590e,59707d74c543e577fcfd601a,ARHAVİ
5af46550a75edfe10769a1de,594a6d72a59a682d75e958e1,59707cbac543e577fcfd6018,KEMER
5af46550a75edfe10769a1de,5c14cb3a32c0b11238e047b4,597079dec543e577fcfd6015,SULTANHANI
5af46550a75edfe10769a1de,594a7082a59a682d75e959a2,5970a6b4b6deb9031b7ab3fe,ŞİŞLİ
5af46550a75edfe10769a1de,594a6afe0347602d2acc154b,597079dec543e577fcfd6015,GÜZELYURT
5af46550a75edfe10769a1de,594a6a9f0347602d2acc1535,59709b7ab343a27ebe93a294,ÇAYIRLI
5af46550a75edfe10769a1de,594a6c690347602d2acc15b5,59707b93c543e577fcfd6017,SİNCAN
5af46550a75edfe10769a1de,594a69960347602d2acc1504,5970775cc543e577fcfd6013,İSCEHİSAR
5af46550a75edfe10769a1de,594a768fa59a682d75e95b1f,5970981838e1c97d47a41943,TAVAS
5af46550a75edfe10769a1de,594a6fdfa59a682d75e9596f,59708762c543e577fcfd601d,HAVRAN
5af46550a75edfe10769a1de,594a7083a59a682d75e959a3,597087cfc543e577fcfd601e,KURUCAŞİLE
5af46550a75edfe10769a1de,594a6edda59a682d75e95935,59707e3bc543e577fcfd601b,İNCİRLİOVA
5af46550a75edfe10769a1de,594a7482a59a682d75e95a88,5970ad2d26093803a844904b,TOSYA
5af46550a75edfe10769a1de,594a69a10347602d2acc1506,5970775cc543e577fcfd6013,KIZILÖREN
5af46550a75edfe10769a1de,594a689b0347602d2acc14e9,5970756bc543e577fcfd6012,GÖLBAŞI
5af46550a75edfe10769a1de,594a6bb40347602d2acc157a,59709ef61a4337014c7b392e,ÇİFTELER
5af46550a75edfe10769a1de,594a6bcc0347602d2acc1583,5971e0c844baa80d4110fcd6,HEMŞİN
5af46550a75edfe10769a1de,594a7599a59a682d75e95ace,597094358771377b09f58df9,DODURGA
5af46550a75edfe10769a1de,594a69660347602d2acc14f5,5970775cc543e577fcfd6013,DAZKIRI
5af46550a75edfe10769a1de,594a6c590347602d2acc15ae,59707b93c543e577fcfd6017,POLATLI
5af46550a75edfe10769a1de,594a7171a59a682d75e959bf,59708c8bc543e577fcfd6021,YENİPAZAR
5af46550a75edfe10769a1de,594a6feea59a682d75e95975,5971ea72fcf5d90f163f85de,SUŞEHRİ
5af46550a75edfe10769a1de,594a73b1a59a682d75e95a58,5970914898547679ab40048b,ORHANELİ
5af46550a75edfe10769a1de,594a69f40347602d2acc1516,59709a420f45807e0fc9858d,UZUNKÖPRÜ
5af46550a75edfe10769a1de,594a773dfe41fe2daf974f0f,597099559af7347d6bdd1bf6,KAYAPINAR
5af46550a75edfe10769a1de,594a6d4ba59a682d75e958d6,59707cbac543e577fcfd6018,FİNİKE
5af46550a75edfe10769a1de,594a7662a59a682d75e95b0f,5970981838e1c97d47a41943,GÜNEY
5af46550a75edfe10769a1de,594a7127a59a682d75e959b7,59708841c543e577fcfd6020,DEMİRÖZÜ
5af46550a75edfe10769a1de,594a7999c7b3892e6253c71d,5970c97cc1dbff05ce3804a9,DATÇA
5af46550a75edfe10769a1de,594a6a4b0347602d2acc1520,5971df57a535fa0cfb521933,AKKUŞ
5af46550a75edfe10769a1de,594a741ea59a682d75e95a74,5971ff59cfbaa414d6d4817b,PERTEK
5af46550a75edfe10769a1de,594a69ae0347602d2acc1509,59709a420f45807e0fc9858d,KEŞAN
5af46550a75edfe10769a1de,594a7675a59a682d75e95b16,5970981838e1c97d47a41943,MERKEZEFENDİ
5af46550a75edfe10769a1de,594a7247a59a682d75e959f0,59708f280f92b778ed04d655,GEREDE
5af46550a75edfe10769a1de,5985ecd17f448a1403b05e92,59720bc1c855cc1760bc8e7c,MERKEZ
5af46550a75edfe10769a1de,594a7527a59a682d75e95ab0,5970ae366b3b2c03bee2ef60,ÖZVATAN
5af46550a75edfe10769a1de,594a6db6a59a682d75e958f5,5970a1cbc0062501a35ad100,KÜRTÜN
5af46550a75edfe10769a1de,594a7526a59a682d75e95aaf,5972008ecfbaa414d6d4817d,MURADİYE
5af46550a75edfe10769a1de,594a7595a59a682d75e95acd,5970af105a30c303f2e0712f,DELİCE
5af46550a75edfe10769a1de,594a79a6c7b3892e6253c722,5970c97cc1dbff05ce3804a9,KAVAKLIDERE
5af46550a75edfe10769a1de,594a6f84a59a682d75e9594f,59708762c543e577fcfd601d,AYVALIK
5af46550a75edfe10769a1de,594a781e6b91a22dd9fa781e,597099cad668fd7dc97f3e4c,AKÇAKOCA
5af46550a75edfe10769a1de,594a7655a59a682d75e95b0a,59720c5a1917fd179a5047a5,DEVREK
5af46550a75edfe10769a1de,594a6a5c0347602d2acc1526,59707929c543e577fcfd6014,ELEŞKİRT
5af46550a75edfe10769a1de,594a6c010347602d2acc1595,59707b93c543e577fcfd6017,ETİMESGUT
5af46550a75edfe10769a1de,594a70b8a59a682d75e959ae,5970880fc543e577fcfd601f,BEŞİRİ
5af46550a75edfe10769a1de,594a73c1a59a682d75e95a5e,5970abef26093803a8449045,DİGOR
5af46550a75edfe10769a1de,594a725aa59a682d75e959fa,59708f280f92b778ed04d655,KIBRISCIK
5af46550a75edfe10769a1de,594a7362a59a682d75e95a39,5970914898547679ab40048b,GEMLİK
5af46550a75edfe10769a1de,594a6d37a59a682d75e958cd,5970a16972eb310169d0c229,KEŞAP
5af46550a75edfe10769a1de,594a6bea0347602d2acc158f,59709ef61a4337014c7b392e,ODUNPAZARI
5af46550a75edfe10769a1de,594a750ba59a682d75e95aa5,597093458e35627a5dac6cf1,ILGAZ
5af46550a75edfe10769a1de,594a6ed0a59a682d75e95932,5970a2e5206b3802223763ff,KARAKOYUNLU
5af46550a75edfe10769a1de,594a6600353f242c0559fa1b,597074d2c543e577fcfd6011,KARATAŞ
5af46550a75edfe10769a1de,594a766ea59a682d75e95b14,5970981838e1c97d47a41943,KALE
5af46550a75edfe10769a1de,594a7455a59a682d75e95a7f,5970927aaf324179fc618c07,BİGA
5af46550a75edfe10769a1de,594a75aca59a682d75e95ad5,597094358771377b09f58df9,LAÇİN
5af46550a75edfe10769a1de,594a771ca59a682d75e95b38,597099559af7347d6bdd1bf6,HANİ
5af46550a75edfe10769a1de,594a6d22a59a682d75e958c4,59707cbac543e577fcfd6018,AKSEKİ
5af46550a75edfe10769a1de,594a75a0a59a682d75e95ad1,597094358771377b09f58df9,İSKİLİP
5af46550a75edfe10769a1de,594a749ca59a682d75e95a8e,5970927aaf324179fc618c07,GÖKÇEADA
5af46550a75edfe10769a1de,594a6a690347602d2acc152a,5971df57a535fa0cfb521933,ÇATALPINAR
5af46550a75edfe10769a1de,594a6ab20347602d2acc153b,59709b7ab343a27ebe93a294,KEMALİYE
5af46550a75edfe10769a1de,594a6e5da59a682d75e95911,59707d74c543e577fcfd601a,BORÇKA
5af46550a75edfe10769a1de,594a7239a59a682d75e959ea,5970a8887501e5035df33489,KEMALPAŞA
5af46550a75edfe10769a1de,594a6eaca59a682d75e9592b,59707e3bc543e577fcfd601b,BOZDOĞAN
5af46550a75edfe10769a1de,594a69b60347602d2acc150b,5970775cc543e577fcfd6013,SULTANDAĞI
5af46550a75edfe10769a1de,594a6fa0a59a682d75e95958,59708762c543e577fcfd601d,BİGADİÇ
5af46550a75edfe10769a1de,594a72cca59a682d75e95a16,5970902b2fe9f67934a03d01,GÖLHİSAR
5af46550a75edfe10769a1de,594a700aa59a682d75e95980,5971ea72fcf5d90f163f85de,ZARA
5af46550a75edfe10769a1de,594a71eba59a682d75e959cf,59708e760f92b778ed04d654,ADİLCEVAZ
5af46550a75edfe10769a1de,594a6b760347602d2acc156e,59709c7865d27c7f6c73f6a6,YAKUTİYE
5af46550a75edfe10769a1de,594a719aa59a682d75e959c1,59708dc60f92b778ed04d653,ADAKLI
5af46550a75edfe10769a1de,594a7212a59a682d75e959e0,5970a8887501e5035df33489,DİKİLİ
5af46550a75edfe10769a1de,594a6da0a59a682d75e958ed,59707cbac543e577fcfd6018,MURATPAŞA
5af46550a75edfe10769a1de,594a69a70347602d2acc1508,5970775cc543e577fcfd6013,SANDIKLI
5af46550a75edfe10769a1de,594a735ba59a682d75e95a37,5970914898547679ab40048b,BÜYÜKORHAN
5af46550a75edfe10769a1de,594a71fda59a682d75e959d8,5970a8887501e5035df33489,BORNOVA
5af46550a75edfe10769a1de,594a6d2ba59a682d75e958c9,5970a16972eb310169d0c229,GÖRELE
5af46550a75edfe10769a1de,594a6ae10347602d2acc1548,5971df57a535fa0cfb521933,ÜNYE
5af46550a75edfe10769a1de,594a65eb353f242c0559fa19,597074d2c543e577fcfd6011,İMAMOĞLU
5af46550a75edfe10769a1de,594a7516a59a682d75e95aaa,597093458e35627a5dac6cf1,KIZILIRMAK
5af46550a75edfe10769a1de,594a6a6d0347602d2acc152c,59707929c543e577fcfd6014,HAMUR
5af46550a75edfe10769a1de,594a65da353f242c0559fa18,597074d2c543e577fcfd6011,FEKE
5af46550a75edfe10769a1de,594a6e91a59a682d75e95925,5970a2a99cffad0202dd176f,SAMANDAĞ
5af46550a75edfe10769a1de,594a6d65a59a682d75e958de,59707cbac543e577fcfd6018,İBRADI
5af46550a75edfe10769a1de,594a6af00347602d2acc154a,597079dec543e577fcfd6015,GÜLAĞAÇ
5af46550a75edfe10769a1de,594a725ca59a682d75e959fb,5970a8887501e5035df33489,ÖDEMİŞ
5af46550a75edfe10769a1de,594a6aae0347602d2acc153a,5971df57a535fa0cfb521933,KABADÜZ
5af46550a75edfe10769a1de,594a661e353f242c0559fa1e,597074d2c543e577fcfd6011,SAİMBEYLİ
5af46550a75edfe10769a1de,594a7ab8c7b3892e6253c767,5970c6ccc8f315059540a2bd,YUNUSEMRE
5af46550a75edfe10769a1de,594a7090a59a682d75e959a9,5970a6b4b6deb9031b7ab3fe,ÜSKÜDAR
5af46550a75edfe10769a1de,594a760ca59a682d75e95af5,5970b4eb48c611046777f8d1,AKPINAR
5af46550a75edfe10769a1de,594a6a820347602d2acc152f,59707929c543e577fcfd6014,TAŞLIÇAY
5af46550a75edfe10769a1de,594a7a63c7b3892e6253c74f,5970c6ccc8f315059540a2bd,ALAŞEHİR
5af46550a75edfe10769a1de,594a751ca59a682d75e95aac,597093458e35627a5dac6cf1,KORGUN
5af46550a75edfe10769a1de,594a719ea59a682d75e959c2,59708dc60f92b778ed04d653,GENÇ
5af46550a75edfe10769a1de,594a7a49c7b3892e6253c74a,5970c856c8f315059540a2bf,TOROSLAR
5af46550a75edfe10769a1de,594a76f6a59a682d75e95b2e,597099559af7347d6bdd1bf6,ÇERMİK
5af46550a75edfe10769a1de,594a7220a59a682d75e959e4,5970a8887501e5035df33489,GÜZELBAHÇE
5af46550a75edfe10769a1de,594a6b5c0347602d2acc1567,5971dff1eff8140d0c84ff9c,TOPRAKKALE
5af46550a75edfe10769a1de,594a7a32c7b3892e6253c746,5970c856c8f315059540a2bf,MEZİTLİ
5af46550a75edfe10769a1de,594a6ed6a59a682d75e95934,59707e3bc543e577fcfd601b,GERMENCİK
5af46550a75edfe10769a1de,594a6be50347602d2acc158e,59707b93c543e577fcfd6017,ÇANKAYA
5af46550a75edfe10769a1de,594a79b8c7b3892e6253c729,5970c97cc1dbff05ce3804a9,MENTEŞE
5af46550a75edfe10769a1de,594a75d9a59a682d75e95ae7,5970b3d648c611046777f8d0,LÜLEBURGAZ
5af46550a75edfe10769a1de,594a7a75c7b3892e6253c753,5970c6ccc8f315059540a2bd,GÖRDES
5af46550a75edfe10769a1de,594a76a5a59a682d75e95b25,5970b5d748c611046777f8d3,KÖRFEZ
5af46550a75edfe10769a1de,594a7276a59a682d75e95a05,5970a8887501e5035df33489,URLA
5af46550a75edfe10769a1de,594a7aaac7b3892e6253c762,5970c75bc8f315059540a2be,NUSAYBİN
5af46550a75edfe10769a1de,594a7617a59a682d75e95af9,5970b4eb48c611046777f8d1,ÇİÇEKDAĞI
5af46550a75edfe10769a1de,594a7216a59a682d75e959e2,5970a8887501e5035df33489,FOÇA
5af46550a75edfe10769a1de,594a770ea59a682d75e95b36,597099559af7347d6bdd1bf6,EĞİL
5af46550a75edfe10769a1de,594a6bba0347602d2acc157c,59709ef61a4337014c7b392e,GÜNYÜZÜ
5af46550a75edfe10769a1de,594a6c8f0347602d2acc15bf,5970a16972eb310169d0c229,ALUCRA
5af46550a75edfe10769a1de,5985ec9c7f448a1403b05e8d,5971e939c0979a0e99befaf7,MERKEZ
5af46550a75edfe10769a1de,594a7057a59a682d75e95992,5970a6b4b6deb9031b7ab3fe,PENDİK
5af46550a75edfe10769a1de,594a7a5cc7b3892e6253c74e,5970c6ccc8f315059540a2bd,AKHİSAR
5af46550a75edfe10769a1de,594a764ca59a682d75e95b07,5970b53048c611046777f8d2,POLATELİ
5af46550a75edfe10769a1de,594a6e5da59a682d75e95910,5970a2a99cffad0202dd176f,BELEN
5af46550a75edfe10769a1de,594a69980347602d2acc1505,59709a420f45807e0fc9858d,HAVSA
5af46550a75edfe10769a1de,594a766aa59a682d75e95b12,59720c5a1917fd179a5047a5,KİLİMLİ
5af46550a75edfe10769a1de,594a6dbda59a682d75e958f6,5970a1cbc0062501a35ad100,ŞİRAN
5af46550a75edfe10769a1de,5985ed577f448a1403b05e9d,5972017adaf0371575250be9,MERKEZ
5af46550a75edfe10769a1de,594a7755fe41fe2daf974f15,597099559af7347d6bdd1bf6,LİCE
5af46550a75edfe10769a1de,594a6f42a59a682d75e9594a,5970a3ed206b380222376400,ULUBORLU
5af46550a75edfe10769a1de,594a6f2aa59a682d75e95948,5970a3ed206b380222376400,SÜTÇÜLER
5af46550a75edfe10769a1de,594a7008a59a682d75e9597f,5970a6b4b6deb9031b7ab3fe,ÇEKMEKÖY
5af46550a75edfe10769a1de,594a6d84a59a682d75e958e6,5971e3603afe0e0dab250e76,KAVAK
5af46550a75edfe10769a1de,594a73b1a59a682d75e95a57,5971fea19280ac14c2ce8ff9,VAKFIKEBİR
5af46550a75edfe10769a1de,594a7060a59a682d75e95995,5970a6b4b6deb9031b7ab3fe,SARIYER
5af46550a75edfe10769a1de,594a77a5fe41fe2daf974f21,5970b9e348c611046777f8d6,KULU
5af46550a75edfe10769a1de,594a7730fe41fe2daf974f0b,5970b9e348c611046777f8d6,ÇUMRA
5af46550a75edfe10769a1de,594a7034a59a682d75e9598a,5970a6b4b6deb9031b7ab3fe,KADIKÖY
5af46550a75edfe10769a1de,594a6df1a59a682d75e958fc,5970a1fcc0062501a35ad101,ŞEMDİNLİ
5af46550a75edfe10769a1de,594a7445a59a682d75e95a7b,5970ad2d26093803a844904b,İHSANGAZİ
5af46550a75edfe10769a1de,594a6fa5a59a682d75e9595a,5970a6b4b6deb9031b7ab3fe,AVCILAR
5af46550a75edfe10769a1de,594a7346a59a682d75e95a2e,5970ab11b32b480380e94be4,EFLANİ
5af46550a75edfe10769a1de,594a6aca0347602d2acc1542,59709b7ab343a27ebe93a294,TERCAN
5af46550a75edfe10769a1de,594a7086a59a682d75e959a4,5970a6b4b6deb9031b7ab3fe,TUZLA
5af46550a75edfe10769a1de,5985ebd47f448a1403b05e78,5970902b2fe9f67934a03d01,MERKEZ
5af46550a75edfe10769a1de,594a78a26b91a22dd9fa7827,5971dc911192730b80ad9283,HASKÖY
5af46550a75edfe10769a1de,594a6d3da59a682d75e958cf,5970a16972eb310169d0c229,PİRAZİZ
5af46550a75edfe10769a1de,594a6e18a59a682d75e95908,5971e8b6c79f460e8854f390,ŞİRVAN
5af46550a75edfe10769a1de,594a6a6d0347602d2acc152b,59709aeb63c16d7e3264dbc9,SİVRİCE
5af46550a75edfe10769a1de,594a69cb0347602d2acc150f,5971dddf2458f70c73ba839d,ALTUNHİSAR
5af46550a75edfe10769a1de,594a6c9a0347602d2acc15c0,5971e1dd208f420d86e6df9b,SERDİVAN
5af46550a75edfe10769a1de,5985ebff7f448a1403b05e7d,59709aeb63c16d7e3264dbc9,MERKEZ
5af46550a75edfe10769a1de,594a7505a59a682d75e95aa2,5972008ecfbaa414d6d4817d,ERCİŞ
5af46550a75edfe10769a1de,594a69cf0347602d2acc1510,5971dddf2458f70c73ba839d,BOR
5af46550a75edfe10769a1de,594a76e9a59a682d75e95b2a,5970b9e348c611046777f8d6,AKÖREN
5af46550a75edfe10769a1de,594a72dea59a682d75e95a1d,5970aa5c6fdfa1036f82f343,EKİNÖZÜ
5af46550a75edfe10769a1de,594a79b3c7b3892e6253c727,5970c97cc1dbff05ce3804a9,MARMARİS
5af46550a75edfe10769a1de,594a799ec7b3892e6253c71e,5970c50cc8f315059540a2bb,DUMLUPINAR
5af46550a75edfe10769a1de,594a7694a59a682d75e95b21,5970b5d748c611046777f8d3,İZMİT
5af46550a75edfe10769a1de,594a7559a59a682d75e95abd,5970ae366b3b2c03bee2ef60,YAHYALI
5af46550a75edfe10769a1de,5985ed297f448a1403b05e9a,597087cfc543e577fcfd601e,MERKEZ
5af46550a75edfe10769a1de,5985ebed7f448a1403b05e7b,597094358771377b09f58df9,MERKEZ
5af46550a75edfe10769a1de,594a6ed4a59a682d75e95933,5970a2e5206b3802223763ff,TUZLUCA
5af46550a75edfe10769a1de,594a735da59a682d75e95a38,5971fea19280ac14c2ce8ff9,ARSİN
5af46550a75edfe10769a1de,5985ec8d7f448a1403b05e8b,5971e0c844baa80d4110fcd6,MERKEZ
5af46550a75edfe10769a1de,594a7680a59a682d75e95b1a,5970b5d748c611046777f8d3,DERİNCE
5af46550a75edfe10769a1de,594a7513a59a682d75e95aa8,5972008ecfbaa414d6d4817d,GÜRPINAR
5af46550a75edfe10769a1de,594a6fe1a59a682d75e95970,5970a6b4b6deb9031b7ab3fe,BEYKOZ
5af46550a75edfe10769a1de,594a6add0347602d2acc1546,5971df57a535fa0cfb521933,ULUBEY
5af46550a75edfe10769a1de,594a6c630347602d2acc15b3,59707b93c543e577fcfd6017,PURSAKLAR
5af46550a75edfe10769a1de,594a6ad10347602d2acc1544,5971df57a535fa0cfb521933,MESUDİYE
5af46550a75edfe10769a1de,594a7ab4c7b3892e6253c766,5970c75bc8f315059540a2be,SAVUR
5af46550a75edfe10769a1de,594a6e3ca59a682d75e9590a,5970a2a99cffad0202dd176f,ALTINÖZÜ
5af46550a75edfe10769a1de,5985ed7d7f448a1403b05ea1,597099cad668fd7dc97f3e4c,MERKEZ
5af46550a75edfe10769a1de,594a6f38a59a682d75e95949,5970a3ed206b380222376400,ŞARKİKARAAĞAÇ
5af46550a75edfe10769a1de,594a6fdba59a682d75e9596e,5971ea72fcf5d90f163f85de,KANGAL
5af46550a75edfe10769a1de,594a723da59a682d75e959eb,5970a8887501e5035df33489,KINIK
5af46550a75edfe10769a1de,594a6b570347602d2acc1564,59709c7865d27c7f6c73f6a6,PASİNLER
5af46550a75edfe10769a1de,5985eba37f448a1403b05e73,59707d74c543e577fcfd601a,MERKEZ
5af46550a75edfe10769a1de,594a7666a59a682d75e95b10,59720c5a1917fd179a5047a5,GÖKÇEBEY
5af46550a75edfe10769a1de,594a697c0347602d2acc14fb,5971dd3346337f0bfb9b5b6f,DERİNKUYU
5af46550a75edfe10769a1de,594a7377a59a682d75e95a40,5970ab6c26093803a8449041,AYRANCI
5af46550a75edfe10769a1de,594a7a9fc7b3892e6253c75e,5970c6ccc8f315059540a2bd,SARUHANLI
5af46550a75edfe10769a1de,594a6aa70347602d2acc1538,5971df57a535fa0cfb521933,İKİZCE
5af46550a75edfe10769a1de,594a72cfa59a682d75e95a17,5970aa5c6fdfa1036f82f343,ÇAĞLAYANCERİT
5af46550a75edfe10769a1de,594a696e0347602d2acc14f7,5971dd3346337f0bfb9b5b6f,ACIGÖL
5af46550a75edfe10769a1de,594a7410a59a682d75e95a71,5970ad2d26093803a844904b,CİDE
5af46550a75edfe10769a1de,594a6b550347602d2acc1563,5971dff1eff8140d0c84ff9c,SUMBAS
5af46550a75edfe10769a1de,594a6d31a59a682d75e958cb,5970a16972eb310169d0c229,GÜCE
5af46550a75edfe10769a1de,594a7608a59a682d75e95af3,59720bc1c855cc1760bc8e7c,YERKÖY
5af46550a75edfe10769a1de,594a7643a59a682d75e95b02,5970b53048c611046777f8d2,ELBEYLİ
5af46550a75edfe10769a1de,594a6f94a59a682d75e95954,5970a6b4b6deb9031b7ab3fe,ADALAR
5af46550a75edfe10769a1de,594a6e8ca59a682d75e95923,5970a2a99cffad0202dd176f,REYHANLI
5af46550a75edfe10769a1de,594a7304a59a682d75e95a28,5971f1a99491450fa99b2a3c,SULUSARAY
5af46550a75edfe10769a1de,594a73c6a59a682d75e95a5f,5970abef26093803a8449045,KAĞIZMAN
5af46550a75edfe10769a1de,594a7a25c7b3892e6253c741,5970c5ddc8f315059540a2bc,PÜTÜRGE
5af46550a75edfe10769a1de,594a7709a59a682d75e95b33,597099559af7347d6bdd1bf6,DİCLE
5af46550a75edfe10769a1de,594a6b190347602d2acc1551,59709c7865d27c7f6c73f6a6,ÇAT
5af46550a75edfe10769a1de,594a6bad0347602d2acc1576,5971e0c844baa80d4110fcd6,ÇAYELİ
5af46550a75edfe10769a1de,594a6fbda59a682d75e95962,5971ea72fcf5d90f163f85de,GÖLOVA
5af46550a75edfe10769a1de,594a6c620347602d2acc15b1,5971e1dd208f420d86e6df9b,HENDEK
5af46550a75edfe10769a1de,594a79cac7b3892e6253c72d,5970c97cc1dbff05ce3804a9,SEYDİKEMER
5af46550a75edfe10769a1de,594a73fba59a682d75e95a69,5971ff59cfbaa414d6d4817b,ÇEMİŞGEZEK
5af46550a75edfe10769a1de,594a708fa59a682d75e959a8,5971eb87c3f2170f283c381f,SİVEREK
5af46550a75edfe10769a1de,594a74dfa59a682d75e95a97,5972008ecfbaa414d6d4817d,BAHÇESARAY
5af46550a75edfe10769a1de,594a6a5b0347602d2acc1525,59709aeb63c16d7e3264dbc9,MADEN
5af46550a75edfe10769a1de,594a7380a59a682d75e95a45,5971fea19280ac14c2ce8ff9,DÜZKÖY
5af46550a75edfe10769a1de,594a74f1a59a682d75e95a9b,5970ae366b3b2c03bee2ef60,AKKIŞLA
5af46550a75edfe10769a1de,594a750ca59a682d75e95aa6,5972008ecfbaa414d6d4817d,GEVAŞ
5af46550a75edfe10769a1de,594a740fa59a682d75e95a70,5971ff59cfbaa414d6d4817b,NAZIMİYE
5af46550a75edfe10769a1de,594a7243a59a682d75e959ef,5971f08e9491450fa99b2a3b,ÇORLU
5af46550a75edfe10769a1de,594a75e1a59a682d75e95ae9,5970b3d648c611046777f8d0,PEHLİVANKÖY
5af46550a75edfe10769a1de,594a6c290347602d2acc159d,59707b93c543e577fcfd6017,KAHRAMANKAZAN
5af46550a75edfe10769a1de,594a6b9c0347602d2acc1573,5971e0c844baa80d4110fcd6,ARDEŞEN
5af46550a75edfe10769a1de,594a74aba59a682d75e95a90,5971ffbacfbaa414d6d4817c,KARAHALLI
5af46550a75edfe10769a1de,594a775bfe41fe2daf974f16,597099559af7347d6bdd1bf6,SİLVAN
5af46550a75edfe10769a1de,594a7567a59a682d75e95ac0,5972017adaf0371575250be9,ALTINOVA
5af46550a75edfe10769a1de,594a78246b91a22dd9fa781f,597099cad668fd7dc97f3e4c,CUMAYERİ
5af46550a75edfe10769a1de,594a7a17c7b3892e6253c73c,5970c5ddc8f315059540a2bc,HEKİMHAN
5af46550a75edfe10769a1de,594a7a83c7b3892e6253c756,5970c6ccc8f315059540a2bd,KÖPRÜBAŞI
5af46550a75edfe10769a1de,594a7793fe41fe2daf974f1e,5970b9e348c611046777f8d6,KADINHANI
5af46550a75edfe10769a1de,594a7ab2c7b3892e6253c765,5970c6ccc8f315059540a2bd,TURGUTLU
5af46550a75edfe10769a1de,594a6c470347602d2acc15a6,5971e1dd208f420d86e6df9b,ARİFİYE
5af46550a75edfe10769a1de,594a6ecaa59a682d75e95930,5970a2e5206b3802223763ff,ARALIK
5af46550a75edfe10769a1de,594a71f5a59a682d75e959d4,5971ed0ee025530f95b3d4c7,GÜÇLÜKONAK
5af46550a75edfe10769a1de,594a7385a59a682d75e95a47,5970ab6c26093803a8449041,KAZIMKARABEKİR
5af46550a75edfe10769a1de,594a7572a59a682d75e95ac2,5972017adaf0371575250be9,ÇINARCIK
5af46550a75edfe10769a1de,594a6f9ca59a682d75e95956,5970a6b4b6deb9031b7ab3fe,ARNAVUTKÖY
5af46550a75edfe10769a1de,594a7714a59a682d75e95b37,597099559af7347d6bdd1bf6,ERGANİ
5af46550a75edfe10769a1de,594a6b3f0347602d2acc155a,59709c7865d27c7f6c73f6a6,KÖPRÜKÖY
5af46550a75edfe10769a1de,594a7737fe41fe2daf974f0c,5970b9e348c611046777f8d6,DERBENT
5af46550a75edfe10769a1de,594a6d89a59a682d75e958e7,5971e3603afe0e0dab250e76,LADİK
5af46550a75edfe10769a1de,594a7409a59a682d75e95a6e,5971ff59cfbaa414d6d4817b,MAZGİRT
5af46550a75edfe10769a1de,594a6da2a59a682d75e958ef,5971e3603afe0e0dab250e76,TERME
5af46550a75edfe10769a1de,594a6b370347602d2acc1557,59709c7865d27c7f6c73f6a6,KARAYAZI
5af46550a75edfe10769a1de,594a79a2c7b3892e6253c720,5970c50cc8f315059540a2bb,EMET
5af46550a75edfe10769a1de,594a6db1a59a682d75e958f3,5970a1cbc0062501a35ad100,KÖSE
5af46550a75edfe10769a1de,594a73ffa59a682d75e95a6b,5971ff59cfbaa414d6d4817b,HOZAT
5af46550a75edfe10769a1de,594a73d2a59a682d75e95a63,5970abef26093803a8449045,SELİM
5af46550a75edfe10769a1de,5985eb9a7f448a1403b05e72,59707a42c543e577fcfd6016,MERKEZ
5af46550a75edfe10769a1de,594a7a20c7b3892e6253c73f,5970c5ddc8f315059540a2bc,KULUNCAK
5af46550a75edfe10769a1de,594a7992c7b3892e6253c71b,5970c97cc1dbff05ce3804a9,DALAMAN
5af46550a75edfe10769a1de,594a6fa2a59a682d75e95959,5970a6b4b6deb9031b7ab3fe,ATAŞEHİR
5af46550a75edfe10769a1de,594a703ca59a682d75e9598b,5970a6b4b6deb9031b7ab3fe,KAĞITHANE
5af46550a75edfe10769a1de,5985ec257f448a1403b05e81,5970a1fcc0062501a35ad101,MERKEZ
5af46550a75edfe10769a1de,594a6d46a59a682d75e958d3,5970a16972eb310169d0c229,ŞEBİNKARAHİSAR
5af46550a75edfe10769a1de,594a6e6aa59a682d75e95916,5970a2a99cffad0202dd176f,ERZİN
5af46550a75edfe10769a1de,594a76e0a59a682d75e95b29,597099559af7347d6bdd1bf6,BAĞLAR
5af46550a75edfe10769a1de,5985ebe27f448a1403b05e7a,597093458e35627a5dac6cf1,MERKEZ
5af46550a75edfe10769a1de,594a6c880347602d2acc15bd,5971e1dd208f420d86e6df9b,PAMUKOVA
5af46550a75edfe10769a1de,594a7309a59a682d75e95a29,5971f1a99491450fa99b2a3c,TURHAL
5af46550a75edfe10769a1de,594a7351a59a682d75e95a32,5970ab11b32b480380e94be4,OVACIK
5af46550a75edfe10769a1de,594a75b4a59a682d75e95ad8,59720bc1c855cc1760bc8e7c,AYDINCIK
5af46550a75edfe10769a1de,594a6aa40347602d2acc1537,59709b7ab343a27ebe93a294,İLİÇ
5af46550a75edfe10769a1de,594a72f4a59a682d75e95a23,5971e0c844baa80d4110fcd6,PAZAR
5af46550a75edfe10769a1de,594a6ca00347602d2acc15c1,5970a16972eb310169d0c229,BULANCAK
5af46550a75edfe10769a1de,594a759ca59a682d75e95acf,5970af105a30c303f2e0712f,KARAKEÇİLİ
5af46550a75edfe10769a1de,594a7451a59a682d75e95a7e,5970ad2d26093803a844904b,İNEBOLU
5af46550a75edfe10769a1de,5985ec407f448a1403b05e84,5970ad2d26093803a844904b,MERKEZ
5af46550a75edfe10769a1de,594a6e04a59a682d75e95901,5971e8b6c79f460e8854f390,ERUH
5af46550a75edfe10769a1de,5985ecb07f448a1403b05e8f,5971f1a99491450fa99b2a3c,MERKEZ
5af46550a75edfe10769a1de,5985ed627f448a1403b05e9e,5970ab11b32b480380e94be4,MERKEZ
5af46550a75edfe10769a1de,594a6daaa59a682d75e958f1,5971e3603afe0e0dab250e76,VEZİRKÖPRÜ
5af46550a75edfe10769a1de,594a75fba59a682d75e95aef,59720bc1c855cc1760bc8e7c,ŞEFAATLİ
5af46550a75edfe10769a1de,594a6d5ca59a682d75e958dc,5971e3603afe0e0dab250e76,BAFRA
5af46550a75edfe10769a1de,594a75a6a59a682d75e95ad3,5970af105a30c303f2e0712f,SULAKYURT
5af46550a75edfe10769a1de,594a71eca59a682d75e959d0,5971ed0ee025530f95b3d4c7,CİZRE
5af46550a75edfe10769a1de,594a75f0a59a682d75e95aee,59720bc1c855cc1760bc8e7c,SORGUN
5af46550a75edfe10769a1de,5985ec507f448a1403b05e85,5970b3d648c611046777f8d0,MERKEZ
5af46550a75edfe10769a1de,594a751aa59a682d75e95aab,5970ae366b3b2c03bee2ef60,KOCASİNAN
5af46550a75edfe10769a1de,594a7508a59a682d75e95aa4,5970ae366b3b2c03bee2ef60,FELAHİYE
5af46550a75edfe10769a1de,594a72faa59a682d75e95a24,5971f1a99491450fa99b2a3c,REŞADİYE
5af46550a75edfe10769a1de,594a6e82a59a682d75e9591f,5970a2a99cffad0202dd176f,KUMLU
5af46550a75edfe10769a1de,594a749ba59a682d75e95a8d,5971ffbacfbaa414d6d4817c,EŞME
5af46550a75edfe10769a1de,594a6efea59a682d75e9593b,5970a3ed206b380222376400,AKSU
5af46550a75edfe10769a1de,594a7745fe41fe2daf974f11,597099559af7347d6bdd1bf6,KOCAKÖY
5af46550a75edfe10769a1de,594a6d62a59a682d75e958dd,5971e3603afe0e0dab250e76,CANİK
5af46550a75edfe10769a1de,594a7241a59a682d75e959ed,5971f08e9491450fa99b2a3b,ÇERKEZKÖY
5af46550a75edfe10769a1de,594a7a14c7b3892e6253c73b,5970c856c8f315059540a2bf,AYDINCIK
5af46550a75edfe10769a1de,594a72c2a59a682d75e95a12,5971f1a99491450fa99b2a3c,ALMUS
5af46550a75edfe10769a1de,594a7421a59a682d75e95a75,5970ad2d26093803a844904b,DADAY
5af46550a75edfe10769a1de,594a6d3ca59a682d75e958ce,5971e3603afe0e0dab250e76,19 MAYIS
5af46550a75edfe10769a1de,5985ebb97f448a1403b05e75,59708dc60f92b778ed04d653,MERKEZ
5af46550a75edfe10769a1de,594a7027a59a682d75e95988,5970a6b4b6deb9031b7ab3fe,GAZİOSMANPAŞA
5af46550a75edfe10769a1de,594a7248a59a682d75e959f2,5971f08e9491450fa99b2a3b,ERGENE
5af46550a75edfe10769a1de,594a6e80a59a682d75e9591e,5971e939c0979a0e99befaf7,BOYABAT
5af46550a75edfe10769a1de,594a6d43a59a682d75e958d1,5971e3603afe0e0dab250e76,ALAÇAM
5af46550a75edfe10769a1de,594a6c530347602d2acc15ac,5971e1dd208f420d86e6df9b,FERİZLİ
5af46550a75edfe10769a1de,594a6ac40347602d2acc153f,5971df57a535fa0cfb521933,KORGAN
5af46550a75edfe10769a1de,594a74eea59a682d75e95a9a,5972008ecfbaa414d6d4817d,ÇALDIRAN
5af46550a75edfe10769a1de,594a6dc1a59a682d75e958f7,5970a1cbc0062501a35ad100,TORUL
5af46550a75edfe10769a1de,5985ecc97f448a1403b05e91,5971ffbacfbaa414d6d4817c,MERKEZ
5af46550a75edfe10769a1de,594a6bde0347602d2acc158a,5971e0c844baa80d4110fcd6,KALKANDERE
5af46550a75edfe10769a1de,594a7059a59a682d75e95993,5971eb87c3f2170f283c381f,BOZOVA
5af46550a75edfe10769a1de,594a7797fe41fe2daf974f1f,5970b9e348c611046777f8d6,KARAPINAR
5af46550a75edfe10769a1de,594a76eaa59a682d75e95b2b,597099559af7347d6bdd1bf6,BİSMİL
5af46550a75edfe10769a1de,594a7a70c7b3892e6253c751,5970c6ccc8f315059540a2bd,GÖLMARMARA
5af46550a75edfe10769a1de,594a704ba59a682d75e9598e,5971eb87c3f2170f283c381f,AKÇAKALE
5af46550a75edfe10769a1de,5985ece87f448a1403b05e95,59708841c543e577fcfd6020,MERKEZ
5af46550a75edfe10769a1de,594a78a96b91a22dd9fa7829,5970b9e348c611046777f8d6,SEYDİŞEHİR
5af46550a75edfe10769a1de,594a75e9a59a682d75e95aeb,5970b3d648c611046777f8d0,PINARHİSAR
5af46550a75edfe10769a1de,594a775bfe41fe2daf974f17,5970b9e348c611046777f8d6,GÜNEYSINIR
5af46550a75edfe10769a1de,594a74f6a59a682d75e95a9c,5972008ecfbaa414d6d4817d,ÇATAK
5af46550a75edfe10769a1de,594a6c350347602d2acc15a0,5971e1dd208f420d86e6df9b,ADAPAZARI
5af46550a75edfe10769a1de,594a75eaa59a682d75e95aec,59720bc1c855cc1760bc8e7c,SARIKAYA
5af46550a75edfe10769a1de,594a6e7ea59a682d75e9591d,5970a2a99cffad0202dd176f,KIRIKHAN
5af46550a75edfe10769a1de,594a7053a59a682d75e95991,5970a6b4b6deb9031b7ab3fe,MALTEPE
5af46550a75edfe10769a1de,594a6bbd0347602d2acc157d,59709ef61a4337014c7b392e,HAN
5af46550a75edfe10769a1de,594a75c5a59a682d75e95ade,59720bc1c855cc1760bc8e7c,ÇANDIR
5af46550a75edfe10769a1de,594a725aa59a682d75e959f9,5971f08e9491450fa99b2a3b,MALKARA
5af46550a75edfe10769a1de,594a7500a59a682d75e95aa1,5970ae366b3b2c03bee2ef60,DEVELİ
5af46550a75edfe10769a1de,594a78be6b91a22dd9fa782e,5970b9e348c611046777f8d6,YALIHÜYÜK
5af46550a75edfe10769a1de,594a7a0ac7b3892e6253c738,5970c856c8f315059540a2bf,AKDENİZ
5af46550a75edfe10769a1de,594a797ec7b3892e6253c716,5970c50cc8f315059540a2bb,ALTINTAŞ
5af46550a75edfe10769a1de,594a6b150347602d2acc1550,59709c7865d27c7f6c73f6a6,AZİZİYE
5af46550a75edfe10769a1de,594a6fefa59a682d75e95976,5970a6b4b6deb9031b7ab3fe,BEYOĞLU
5af46550a75edfe10769a1de,5985ed1b7f448a1403b05e99,5971ed0ee025530f95b3d4c7,MERKEZ
5af46550a75edfe10769a1de,5985ed4d7f448a1403b05e9c,5970a2e5206b3802223763ff,MERKEZ
5af46550a75edfe10769a1de,594a701ea59a682d75e95986,5970a6b4b6deb9031b7ab3fe,FATİH
5af46550a75edfe10769a1de,594a6fafa59a682d75e9595e,5971ea72fcf5d90f163f85de,DOĞANŞAR
5af46550a75edfe10769a1de,594a6d0ca59a682d75e958c1,5970a16972eb310169d0c229,DERELİ
5af46550a75edfe10769a1de,594a7071a59a682d75e9599b,5970a6b4b6deb9031b7ab3fe,SULTANBEYLİ
5af46550a75edfe10769a1de,594a706ea59a682d75e9599a,5971eb87c3f2170f283c381f,HALFETİ
5af46550a75edfe10769a1de,594a6c5b0347602d2acc15af,5971e1dd208f420d86e6df9b,GEYVE
5af46550a75edfe10769a1de,594a6d56a59a682d75e958da,5971e3603afe0e0dab250e76,AYVACIK
5af46550a75edfe10769a1de,594a69d80347602d2acc1513,59709a420f45807e0fc9858d,SÜLOĞLU
5af46550a75edfe10769a1de,594a7788fe41fe2daf974f1c,5970b9e348c611046777f8d6,HÜYÜK
5af46550a75edfe10769a1de,594a69db0347602d2acc1514,5971dddf2458f70c73ba839d,ÇİFTLİK
5af46550a75edfe10769a1de,594a730ba59a682d75e95a2a,5970aa5c6fdfa1036f82f343,TÜRKOĞLU
5af46550a75edfe10769a1de,594a76fea59a682d75e95b30,5970b9e348c611046777f8d6,BEYŞEHİR
5af46550a75edfe10769a1de,594a6bf80347602d2acc1593,59709ef61a4337014c7b392e,SEYİTGAZİ
5af46550a75edfe10769a1de,594a6b290347602d2acc1554,59709c7865d27c7f6c73f6a6,İSPİR
5af46550a75edfe10769a1de,594a71efa59a682d75e959d1,5970a8887501e5035df33489,BAYRAKLI
5af46550a75edfe10769a1de,594a708ba59a682d75e959a7,5970a6b4b6deb9031b7ab3fe,ÜMRANİYE
5af46550a75edfe10769a1de,594a6b1e0347602d2acc1552,59709c7865d27c7f6c73f6a6,HINIS
5af46550a75edfe10769a1de,594a765ea59a682d75e95b0e,59720c5a1917fd179a5047a5,EREĞLİ
5af46550a75edfe10769a1de,594a7751fe41fe2daf974f14,5970b9e348c611046777f8d6,EREĞLİ
5af46550a75edfe10769a1de,594a6fcba59a682d75e95967,5970a6b4b6deb9031b7ab3fe,BAYRAMPAŞA
5af46550a75edfe10769a1de,594a71f8a59a682d75e959d6,5970a8887501e5035df33489,BEYDAĞ
5af46550a75edfe10769a1de,594a7a8bc7b3892e6253c758,5970c6ccc8f315059540a2bd,KULA
5af46550a75edfe10769a1de,594a7648a59a682d75e95b05,59720c5a1917fd179a5047a5,ALAPLI
5af46550a75edfe10769a1de,594a6c840347602d2acc15bc,59707b93c543e577fcfd6017,YENİMAHALLE
5af46550a75edfe10769a1de,594a753ea59a682d75e95aba,5970ae366b3b2c03bee2ef60,SARIZ
5af46550a75edfe10769a1de,594a73a9a59a682d75e95a54,5971fea19280ac14c2ce8ff9,TONYA
5af46550a75edfe10769a1de,594a6b5c0347602d2acc1565,59709c7865d27c7f6c73f6a6,PAZARYOLU
5af46550a75edfe10769a1de,594a6d9ba59a682d75e958ec,5971e3603afe0e0dab250e76,TEKKEKÖY
5af46550a75edfe10769a1de,594a6c7c0347602d2acc15b9,59707b93c543e577fcfd6017,ŞEREFLİKOÇHİSAR
5af46550a75edfe10769a1de,594a71e7a59a682d75e959cd,5971ed0ee025530f95b3d4c7,BEYTÜŞŞEBAP
5af46550a75edfe10769a1de,594a6c4b0347602d2acc15a8,59707b93c543e577fcfd6017,MAMAK
5af46550a75edfe10769a1de,594a7232a59a682d75e959e8,5970a8887501e5035df33489,KARŞIYAKA
5af46550a75edfe10769a1de,594a6a7f0347602d2acc152e,5971df57a535fa0cfb521933,ÇAYBAŞI
5af46550a75edfe10769a1de,594a7202a59a682d75e959da,5971ed0ee025530f95b3d4c7,SİLOPİ
5af46550a75edfe10769a1de,594a79cec7b3892e6253c72e,5970c97cc1dbff05ce3804a9,ULA
5af46550a75edfe10769a1de,594a7a1bc7b3892e6253c73e,5970c5ddc8f315059540a2bc,KALE
5af46550a75edfe10769a1de,594a69cf0347602d2acc1511,59709a420f45807e0fc9858d,MERİÇ
5af46550a75edfe10769a1de,594a7a2cc7b3892e6253c744,5970c856c8f315059540a2bf,GÜLNAR
5af46550a75edfe10769a1de,594a7354a59a682d75e95a33,5971fea19280ac14c2ce8ff9,AKÇAABAT
5af46550a75edfe10769a1de,594a6bd10347602d2acc1586,5971e0c844baa80d4110fcd6,İKİZDERE
5af46550a75edfe10769a1de,594a6a360347602d2acc151a,59709aeb63c16d7e3264dbc9,ALACAKAYA
5af46550a75edfe10769a1de,594a736ea59a682d75e95a3d,5971fea19280ac14c2ce8ff9,ÇARŞIBAŞI
5af46550a75edfe10769a1de,594a72eda59a682d75e95a1f,5970aa5c6fdfa1036f82f343,GÖKSUN
5af46550a75edfe10769a1de,594a726ba59a682d75e95a00,5970a8887501e5035df33489,SELÇUK
5af46550a75edfe10769a1de,594a707ba59a682d75e9599e,5971eb87c3f2170f283c381f,HARRAN
5af46550a75edfe10769a1de,594a72d6a59a682d75e95a19,5971f1a99491450fa99b2a3c,BAŞÇİFTLİK
5af46550a75edfe10769a1de,594a7041a59a682d75e9598d,5970a6b4b6deb9031b7ab3fe,KARTAL
5af46550a75edfe10769a1de,594a78b46b91a22dd9fa782c,5971dc911192730b80ad9283,VARTO
5af46550a75edfe10769a1de,594a6cab0347602d2acc15c3,5971e1dd208f420d86e6df9b,TARAKLI
5af46550a75edfe10769a1de,594a7a6ac7b3892e6253c750,5970c6ccc8f315059540a2bd,DEMİRCİ
5af46550a75edfe10769a1de,594a698b0347602d2acc1501,59709a420f45807e0fc9858d,ENEZ
5af46550a75edfe10769a1de,594a6bd20347602d2acc1587,59709ef61a4337014c7b392e,MİHALGAZİ
5af46550a75edfe10769a1de,594a73a3a59a682d75e95a52,5971fea19280ac14c2ce8ff9,ŞALPAZARI
5af46550a75edfe10769a1de,594a72c2a59a682d75e95a13,5970aa5c6fdfa1036f82f343,ANDIRIN
5af46550a75edfe10769a1de,594a6e86a59a682d75e95921,5970a2a99cffad0202dd176f,PAYAS
5af46550a75edfe10769a1de,594a72f3a59a682d75e95a21,5970aa5c6fdfa1036f82f343,NURHAK
5af46550a75edfe10769a1de,594a6fbea59a682d75e95963,5970a6b4b6deb9031b7ab3fe,BAKIRKÖY
5af46550a75edfe10769a1de,594a6e9ba59a682d75e95929,5971e939c0979a0e99befaf7,TÜRKELİ
5af46550a75edfe10769a1de,594a799fc7b3892e6253c71f,5970c97cc1dbff05ce3804a9,FETHİYE
5af46550a75edfe10769a1de,594a6aad0347602d2acc1539,59709b7ab343a27ebe93a294,KEMAH
5af46550a75edfe10769a1de,594a7315a59a682d75e95a2b,5971f1a99491450fa99b2a3c,YEŞİLYURT
5af46550a75edfe10769a1de,594a758da59a682d75e95aca,5970af105a30c303f2e0712f,BALIŞEYH
5af46550a75edfe10769a1de,594a6c820347602d2acc15bb,5971e1dd208f420d86e6df9b,KOCAALİ
5af46550a75edfe10769a1de,594a7a3cc7b3892e6253c748,5970c856c8f315059540a2bf,SİLİFKE
5af46550a75edfe10769a1de,594a73fea59a682d75e95a6a,5970ad2d26093803a844904b,AĞLI
5af46550a75edfe10769a1de,594a76fca59a682d75e95b2f,597099559af7347d6bdd1bf6,ÇINAR
5af46550a75edfe10769a1de,594a6c450347602d2acc15a5,59707b93c543e577fcfd6017,KIZILCAHAMAM
5af46550a75edfe10769a1de,5985eb8f7f448a1403b05e71,59707929c543e577fcfd6014,MERKEZ
5af46550a75edfe10769a1de,594a7254a59a682d75e959f7,5971f08e9491450fa99b2a3b,KAPAKLI
5af46550a75edfe10769a1de,594a6c3b0347602d2acc15a3,59707b93c543e577fcfd6017,KEÇİÖREN
5af46550a75edfe10769a1de,594a79aac7b3892e6253c723,5970c50cc8f315059540a2bb,HİSARCIK
5af46550a75edfe10769a1de,594a7243a59a682d75e959ee,5970a8887501e5035df33489,KİRAZ
5af46550a75edfe10769a1de,594a738da59a682d75e95a4a,5971fea19280ac14c2ce8ff9,KÖPRÜBAŞI
5af46550a75edfe10769a1de,5985ec117f448a1403b05e7f,5970a16972eb310169d0c229,MERKEZ
5af46550a75edfe10769a1de,594a6d7ba59a682d75e958e4,5971e3603afe0e0dab250e76,İLKADIM
5af46550a75edfe10769a1de,594a756da59a682d75e95ac1,5972017adaf0371575250be9,ARMUTLU
5af46550a75edfe10769a1de,594a700da59a682d75e95981,5970a6b4b6deb9031b7ab3fe,ESENLER
5af46550a75edfe10769a1de,594a782b6b91a22dd9fa7820,597099cad668fd7dc97f3e4c,ÇİLİMLİ
5af46550a75edfe10769a1de,594a7535a59a682d75e95ab6,5972008ecfbaa414d6d4817d,TUŞBA
5af46550a75edfe10769a1de,594a6e1da59a682d75e95909,5971e8b6c79f460e8854f390,TİLLO
5af46550a75edfe10769a1de,594a72fda59a682d75e95a26,5970aa5c6fdfa1036f82f343,ONİKİŞUBAT
5af46550a75edfe10769a1de,594a6d68a59a682d75e958df,5971e3603afe0e0dab250e76,ÇARŞAMBA
5af46550a75edfe10769a1de,5985ed6b7f448a1403b05e9f,5970b53048c611046777f8d2,MERKEZ
5af46550a75edfe10769a1de,594a6f10a59a682d75e95941,5970a3ed206b380222376400,GELENDOST
5af46550a75edfe10769a1de,594a79eec7b3892e6253c731,5970c5ddc8f315059540a2bc,AKÇADAĞ
5af46550a75edfe10769a1de,594a79aec7b3892e6253c725,5970c50cc8f315059540a2bb,PAZARLAR
5af46550a75edfe10769a1de,594a71e0a59a682d75e959cb,5970a8887501e5035df33489,ALİAĞA
5af46550a75edfe10769a1de,594a6fb7a59a682d75e95961,5970a6b4b6deb9031b7ab3fe,BAHÇELİEVLER
5af46550a75edfe10769a1de,594a74baa59a682d75e95a93,5971ffbacfbaa414d6d4817c,ULUBEY
5af46550a75edfe10769a1de,594a7760fe41fe2daf974f18,597099559af7347d6bdd1bf6,SUR
5af46550a75edfe10769a1de,5985ecf87f448a1403b05e96,5970ab6c26093803a8449041,MERKEZ
5af46550a75edfe10769a1de,594a6ac50347602d2acc1540,59709b7ab343a27ebe93a294,REFAHİYE
5af46550a75edfe10769a1de,594a6e44a59a682d75e9590c,5970a2a99cffad0202dd176f,ANTAKYA
5af46550a75edfe10769a1de,5c14cb3a32c0b11238e047b6,5970a1fcc0062501a35ad101,DERECİK
5af46550a75edfe10769a1de,5985ece17f448a1403b05e94,597079dec543e577fcfd6015,MERKEZ
5af46550a75edfe10769a1de,594a7264a59a682d75e959fe,5970a8887501e5035df33489,SEFERİHİSAR
5af46550a75edfe10769a1de,594a75e4a59a682d75e95aea,59720bc1c855cc1760bc8e7c,SARAYKENT
5af46550a75edfe10769a1de,594a7a57c7b3892e6253c74d,5970c6ccc8f315059540a2bd,AHMETLİ
5af46550a75edfe10769a1de,594a6c6b0347602d2acc15b6,5971e1dd208f420d86e6df9b,KARAPÜRÇEK
5af46550a75edfe10769a1de,594a6be50347602d2acc158d,5971f1a99491450fa99b2a3c,PAZAR
5af46550a75edfe10769a1de,594a798fc7b3892e6253c71a,5970c50cc8f315059540a2bb,ÇAVDARHİSAR
5af46550a75edfe10769a1de,594a6fd5a59a682d75e9596c,5971ea72fcf5d90f163f85de,İMRANLI
5af46550a75edfe10769a1de,594a7390a59a682d75e95a4c,5970ab6c26093803a8449041,SARIVELİLER
5af46550a75edfe10769a1de,594a7704a59a682d75e95b32,597099559af7347d6bdd1bf6,ÇÜNGÜŞ
5af46550a75edfe10769a1de,594a7472a59a682d75e95a83,5970ad2d26093803a844904b,ŞENPAZAR
5af46550a75edfe10769a1de,594a7a03c7b3892e6253c736,5970c5ddc8f315059540a2bc,DARENDE
5af46550a75edfe10769a1de,594a6a480347602d2acc151f,59709aeb63c16d7e3264dbc9,KARAKOÇAN
5af46550a75edfe10769a1de,594a7052a59a682d75e95990,5971eb87c3f2170f283c381f,BİRECİK
5af46550a75edfe10769a1de,594a75d7a59a682d75e95ae5,59720bc1c855cc1760bc8e7c,ÇEKEREK
5af46550a75edfe10769a1de,5985ebaf7f448a1403b05e74,59708c8bc543e577fcfd6021,MERKEZ
5af46550a75edfe10769a1de,594a77b5fe41fe2daf974f23,5970b9e348c611046777f8d6,SARAYÖNÜ
5af46550a75edfe10769a1de,594a737ba59a682d75e95a43,5970ab6c26093803a8449041,BAŞYAYLA
5af46550a75edfe10769a1de,594a6c3a0347602d2acc15a1,59709fbd72eb310169d0c228,İSLAHİYE
5af46550a75edfe10769a1de,594a6a620347602d2acc1529,5971df57a535fa0cfb521933,ÇAMAŞ
5af46550a75edfe10769a1de,594a768aa59a682d75e95b1d,5970b5d748c611046777f8d3,GEBZE
5af46550a75edfe10769a1de,594a746ca59a682d75e95a82,5970ad2d26093803a844904b,SEYDİLER
5af46550a75edfe10769a1de,594a7303a59a682d75e95a27,5970aa5c6fdfa1036f82f343,PAZARCIK
5af46550a75edfe10769a1de,594a705ca59a682d75e95994,5970a6b4b6deb9031b7ab3fe,SANCAKTEPE
5af46550a75edfe10769a1de,594a6c710347602d2acc15b7,5971e1dd208f420d86e6df9b,KARASU
5af46550a75edfe10769a1de,594a7081a59a682d75e959a1,5971eb87c3f2170f283c381f,HİLVAN
5af46550a75edfe10769a1de,594a78a86b91a22dd9fa7828,5971dc911192730b80ad9283,KORKUT
5af46550a75edfe10769a1de,594a6ff6a59a682d75e95978,5971ea72fcf5d90f163f85de,ŞARKIŞLA
5af46550a75edfe10769a1de,594a6aa20347602d2acc1536,5971df57a535fa0cfb521933,GÜRGENTEPE
5af46550a75edfe10769a1de,594a6c8d0347602d2acc15be,5971e1dd208f420d86e6df9b,SAPANCA
5af46550a75edfe10769a1de,594a7385a59a682d75e95a48,5971fea19280ac14c2ce8ff9,HAYRAT
5af46550a75edfe10769a1de,594a774bfe41fe2daf974f12,5970b9e348c611046777f8d6,EMİRGAZİ
5af46550a75edfe10769a1de,594a7a8ac7b3892e6253c757,5970c75bc8f315059540a2be,DARGEÇİT
5af46550a75edfe10769a1de,594a6c1a0347602d2acc1599,59707b93c543e577fcfd6017,GÜDÜL
5af46550a75edfe10769a1de,594a6d4aa59a682d75e958d5,5971e3603afe0e0dab250e76,ASARCIK
5af46550a75edfe10769a1de,594a6b4f0347602d2acc1560,5971dff1eff8140d0c84ff9c,KADİRLİ
5af46550a75edfe10769a1de,594a7a2ac7b3892e6253c743,5970c5ddc8f315059540a2bc,YAZIHAN
5af46550a75edfe10769a1de,5985ec2f7f448a1403b05e82,5970a3ed206b380222376400,MERKEZ
5af46550a75edfe10769a1de,5985ec387f448a1403b05e83,5970abef26093803a8449045,MERKEZ
5af46550a75edfe10769a1de,5985ec967f448a1403b05e8c,5971e8b6c79f460e8854f390,MERKEZ
5af46550a75edfe10769a1de,594a6fb7a59a682d75e95960,5971ea72fcf5d90f163f85de,GEMEREK
5af46550a75edfe10769a1de,594a72c9a59a682d75e95a15,5971f1a99491450fa99b2a3c,ARTOVA
5af46550a75edfe10769a1de,594a6ab50347602d2acc153c,5971df57a535fa0cfb521933,KABATAŞ
5af46550a75edfe10769a1de,594a7a26c7b3892e6253c742,5970c856c8f315059540a2bf,ERDEMLİ
5af46550a75edfe10769a1de,594a7068a59a682d75e95997,5970a6b4b6deb9031b7ab3fe,SİLİVRİ
5af46550a75edfe10769a1de,594a6d50a59a682d75e958d7,5971e3603afe0e0dab250e76,ATAKUM
5af46550a75edfe10769a1de,594a6ff6a59a682d75e95979,5970a6b4b6deb9031b7ab3fe,BÜYÜKÇEKMECE
5af46550a75edfe10769a1de,594a7766fe41fe2daf974f1a,597099559af7347d6bdd1bf6,YENİŞEHİR
5af46550a75edfe10769a1de,594a707ea59a682d75e959a0,5970a6b4b6deb9031b7ab3fe,ŞİLE
5af46550a75edfe10769a1de,594a735ba59a682d75e95a36,5970ab11b32b480380e94be4,YENİCE
5af46550a75edfe10769a1de,594a76dea59a682d75e95b28,5970b9e348c611046777f8d6,AHIRLI
5af46550a75edfe10769a1de,594a7399a59a682d75e95a50,5971fea19280ac14c2ce8ff9,ORTAHİSAR
5af46550a75edfe10769a1de,594a6c4a0347602d2acc15a7,59709fbd72eb310169d0c228,NİZİP
5af46550a75edfe10769a1de,594a7a1ac7b3892e6253c73d,5970c856c8f315059540a2bf,BOZYAZI
5af46550a75edfe10769a1de,594a79f9c7b3892e6253c733,5970c5ddc8f315059540a2bc,ARGUVAN
5af46550a75edfe10769a1de,594a78326b91a22dd9fa7821,597099cad668fd7dc97f3e4c,GÖLYAKA
5af46550a75edfe10769a1de,594a7742fe41fe2daf974f10,5970b9e348c611046777f8d6,DOĞANHİSAR
5af46550a75edfe10769a1de,594a75ada59a682d75e95ad6,5970af105a30c303f2e0712f,YAHŞİHAN
5af46550a75edfe10769a1de,594a7a09c7b3892e6253c737,5970c5ddc8f315059540a2bc,DOĞANŞEHİR
5af46550a75edfe10769a1de,594a6e78a59a682d75e9591b,5971e939c0979a0e99befaf7,AYANCIK
5af46550a75edfe10769a1de,594a72e5a59a682d75e95a1e,5970aa5c6fdfa1036f82f343,ELBİSTAN
5af46550a75edfe10769a1de,5985ec667f448a1403b05e87,5970c50cc8f315059540a2bb,MERKEZ
5af46550a75edfe10769a1de,594a6e85a59a682d75e95920,5971e939c0979a0e99befaf7,DİKMEN
5af46550a75edfe10769a1de,594a7780fe41fe2daf974f1b,5970b9e348c611046777f8d6,HALKAPINAR
5af46550a75edfe10769a1de,594a6a9a0347602d2acc1534,5971df57a535fa0cfb521933,GÜLYALI
5af46550a75edfe10769a1de,5985ec057f448a1403b05e7e,59709b7ab343a27ebe93a294,MERKEZ
5af46550a75edfe10769a1de,5985ebf57f448a1403b05e7c,59709a420f45807e0fc9858d,MERKEZ
5af46550a75edfe10769a1de,594a7a9cc7b3892e6253c75d,5970c75bc8f315059540a2be,MAZIDAĞI
5af46550a75edfe10769a1de,5985eb6d7f448a1403b05e6f,5970756bc543e577fcfd6012,MERKEZ
5af46550a75edfe10769a1de,594a6aca0347602d2acc1541,5971df57a535fa0cfb521933,KUMRU
5af46550a75edfe10769a1de,594a779efe41fe2daf974f20,5970b9e348c611046777f8d6,KARATAY
5af46550a75edfe10769a1de,594a6de6a59a682d75e958f9,5970a1fcc0062501a35ad101,ÇUKURCA
5af46550a75edfe10769a1de,594a6a870347602d2acc1530,5971df57a535fa0cfb521933,FATSA
5af46550a75edfe10769a1de,594a6b410347602d2acc155b,5971dff1eff8140d0c84ff9c,DÜZİÇİ
5af46550a75edfe10769a1de,594a7a97c7b3892e6253c75c,5970c6ccc8f315059540a2bd,SARIGÖL
5af46550a75edfe10769a1de,594a69940347602d2acc1503,5971dd3346337f0bfb9b5b6f,ÜRGÜP
5af46550a75edfe10769a1de,594a6fb0a59a682d75e9595f,5970a6b4b6deb9031b7ab3fe,BAĞCILAR
5af46550a75edfe10769a1de,594a7271a59a682d75e95a02,5971f08e9491450fa99b2a3b,MARMARAEREĞLİSİ
5af46550a75edfe10769a1de,594a7515a59a682d75e95aa9,5970ae366b3b2c03bee2ef60,İNCESU
5af46550a75edfe10769a1de,594a7391a59a682d75e95a4d,5971fea19280ac14c2ce8ff9,MAÇKA
5af46550a75edfe10769a1de,5985ec817f448a1403b05e8a,5971dddf2458f70c73ba839d,MERKEZ
5af46550a75edfe10769a1de,594a6d17a59a682d75e958c3,5970a16972eb310169d0c229,DOĞANKENT
5af46550a75edfe10769a1de,594a6d01a59a682d75e958c0,5970a16972eb310169d0c229,ÇANAKÇI
5af46550a75edfe10769a1de,594a6c4c0347602d2acc15a9,5971e1dd208f420d86e6df9b,ERENLER
5af46550a75edfe10769a1de,594a764fa59a682d75e95b08,59720c5a1917fd179a5047a5,ÇAYCUMA
5af46550a75edfe10769a1de,594a78466b91a22dd9fa7824,597099cad668fd7dc97f3e4c,YIĞILCA
5af46550a75edfe10769a1de,594a76a1a59a682d75e95b24,5970b5d748c611046777f8d3,KARTEPE
5af46550a75edfe10769a1de,594a7aafc7b3892e6253c764,5970c75bc8f315059540a2be,ÖMERLİ
5af46550a75edfe10769a1de,5985ecb67f448a1403b05e90,5971ff59cfbaa414d6d4817b,MERKEZ
5af46550a75edfe10769a1de,594a6b310347602d2acc1556,59709c7865d27c7f6c73f6a6,KARAÇOBAN
5af46550a75edfe10769a1de,594a7357a59a682d75e95a34,5970ab11b32b480380e94be4,SAFRANBOLU
5af46550a75edfe10769a1de,594a7abac7b3892e6253c768,5970c75bc8f315059540a2be,YEŞİLLİ
5af46550a75edfe10769a1de,594a6ca20347602d2acc15c2,5971e1dd208f420d86e6df9b,SÖĞÜTLÜ
5af46550a75edfe10769a1de,594a7078a59a682d75e9599d,5971eb87c3f2170f283c381f,HALİLİYE
5af46550a75edfe10769a1de,594a778dfe41fe2daf974f1d,5970b9e348c611046777f8d6,ILGIN
5af46550a75edfe10769a1de,594a6c5c0347602d2acc15b0,59709fbd72eb310169d0c228,ŞAHİNBEY
5af46550a75edfe10769a1de,594a7060a59a682d75e95996,5971eb87c3f2170f283c381f,CEYLANPINAR
5af46550a75edfe10769a1de,594a7208a59a682d75e959dd,5971ed0ee025530f95b3d4c7,ULUDERE
5af46550a75edfe10769a1de,594a747ea59a682d75e95a87,5970ad2d26093803a844904b,TAŞKÖPRÜ
5af46550a75edfe10769a1de,594a6c660347602d2acc15b4,59709fbd72eb310169d0c228,YAVUZELİ
5af46550a75edfe10769a1de,594a745ea59a682d75e95a80,5970ad2d26093803a844904b,KÜRE
5af46550a75edfe10769a1de,594a6c310347602d2acc159e,59707b93c543e577fcfd6017,KALECİK
5af46550a75edfe10769a1de,594a7248a59a682d75e959f1,5970a8887501e5035df33489,KONAK
5af46550a75edfe10769a1de,594a7251a59a682d75e959f6,5970a8887501e5035df33489,MENEMEN
5af46550a75edfe10769a1de,594a75eda59a682d75e95aed,5970b3d648c611046777f8d0,VİZE
5af46550a75edfe10769a1de,594a6be20347602d2acc158c,59709ef61a4337014c7b392e,MİHALIÇÇIK
5af46550a75edfe10769a1de,594a761aa59a682d75e95afa,5970b4eb48c611046777f8d1,KAMAN
5af46550a75edfe10769a1de,594a752da59a682d75e95ab2,5972008ecfbaa414d6d4817d,ÖZALP
5af46550a75edfe10769a1de,594a726ea59a682d75e95a01,5970a8887501e5035df33489,TİRE
5af46550a75edfe10769a1de,594a755fa59a682d75e95abf,5970ae366b3b2c03bee2ef60,YEŞİLHİSAR
5af46550a75edfe10769a1de,594a7097a59a682d75e959ab,5970a6b4b6deb9031b7ab3fe,ZEYTİNBURNU
5af46550a75edfe10769a1de,594a69d50347602d2acc1512,5971dddf2458f70c73ba839d,ÇAMARDI
5af46550a75edfe10769a1de,594a7a11c7b3892e6253c73a,5970c5ddc8f315059540a2bc,DOĞANYOL
5af46550a75edfe10769a1de,594a7703a59a682d75e95b31,5970b9e348c611046777f8d6,BOZKIR
5af46550a75edfe10769a1de,594a71e4a59a682d75e959cc,5970a8887501e5035df33489,BALÇOVA
5af46550a75edfe10769a1de,594a767ca59a682d75e95b18,5970b5d748c611046777f8d3,DARICA
5af46550a75edfe10769a1de,594a79f2c7b3892e6253c732,5970c5ddc8f315059540a2bc,ARAPGİR
5af46550a75edfe10769a1de,594a6d93a59a682d75e958e9,5971e3603afe0e0dab250e76,SALIPAZARI
5af46550a75edfe10769a1de,594a6b3e0347602d2acc1559,5971dff1eff8140d0c84ff9c,BAHÇE
5af46550a75edfe10769a1de,594a6f0ba59a682d75e9593f,5970a3ed206b380222376400,EĞİRDİR
5af46550a75edfe10769a1de,594a74faa59a682d75e95a9e,5970ae366b3b2c03bee2ef60,BÜNYAN
5af46550a75edfe10769a1de,594a69820347602d2acc14fe,5971dd3346337f0bfb9b5b6f,GÜLŞEHİR
5af46550a75edfe10769a1de,594a6bcb0347602d2acc1582,59709ef61a4337014c7b392e,MAHMUDİYE
5af46550a75edfe10769a1de,594a6a520347602d2acc1523,5971df57a535fa0cfb521933,ALTINORDU
5af46550a75edfe10769a1de,594a6b100347602d2acc154f,59709c7865d27c7f6c73f6a6,AŞKALE
5af46550a75edfe10769a1de,594a769ea59a682d75e95b23,5970b5d748c611046777f8d3,KARAMÜRSEL
5af46550a75edfe10769a1de,594a6e10a59a682d75e95906,5971e8b6c79f460e8854f390,PERVARİ
5af46550a75edfe10769a1de,594a6b700347602d2acc156d,59709c7865d27c7f6c73f6a6,UZUNDERE
5af46550a75edfe10769a1de,594a7495a59a682d75e95a8c,5971ffbacfbaa414d6d4817c,BANAZ
5af46550a75edfe10769a1de,594a7415a59a682d75e95a72,5971ff59cfbaa414d6d4817b,OVACIK
5af46550a75edfe10769a1de,5985ed757f448a1403b05ea0,5971dff1eff8140d0c84ff9c,MERKEZ
5af46550a75edfe10769a1de,594a7394a59a682d75e95a4e,5971fea19280ac14c2ce8ff9,OF
5af46550a75edfe10769a1de,594a740ca59a682d75e95a6f,5970ad2d26093803a844904b,BOZKURT
5af46550a75edfe10769a1de,594a6d51a59a682d75e958d8,5970a16972eb310169d0c229,YAĞLIDERE
5af46550a75edfe10769a1de,594a7586a59a682d75e95ac8,5970af105a30c303f2e0712f,BAHŞİLİ
5af46550a75edfe10769a1de,594a7698a59a682d75e95b22,5970b5d748c611046777f8d3,KANDIRA
5af46550a75edfe10769a1de,594a77acfe41fe2daf974f22,5970b9e348c611046777f8d6,MERAM
5af46550a75edfe10769a1de,594a6a4d0347602d2acc1522,59709aeb63c16d7e3264dbc9,KEBAN
5af46550a75edfe10769a1de,594a7439a59a682d75e95a78,5970ad2d26093803a844904b,DOĞANYURT
5af46550a75edfe10769a1de,594a7554a59a682d75e95abc,5970ae366b3b2c03bee2ef60,TOMARZA
5af46550a75edfe10769a1de,594a7229a59a682d75e959e7,5970a8887501e5035df33489,KARABURUN
5af46550a75edfe10769a1de,594a7466a59a682d75e95a81,5970ad2d26093803a844904b,PINARBAŞI
5af46550a75edfe10769a1de,594a6fc2a59a682d75e95964,5971ea72fcf5d90f163f85de,GÜRÜN
5af46550a75edfe10769a1de,594a7284a59a682d75e95a08,5971f08e9491450fa99b2a3b,SÜLEYMANPAŞA
5af46550a75edfe10769a1de,594a6fd0a59a682d75e9596a,5970a6b4b6deb9031b7ab3fe,BEŞİKTAŞ
5af46550a75edfe10769a1de,594a731ba59a682d75e95a2c,5971f1a99491450fa99b2a3c,ZİLE
5af46550a75edfe10769a1de,594a7709a59a682d75e95b34,5970b9e348c611046777f8d6,CİHANBEYLİ
5af46550a75edfe10769a1de,594a727da59a682d75e95a07,5972008ecfbaa414d6d4817d,SARAY
5af46550a75edfe10769a1de,5985eca37f448a1403b05e8e,5971ea72fcf5d90f163f85de,MERKEZ
5af46550a75edfe10769a1de,594a7359a59a682d75e95a35,5971fea19280ac14c2ce8ff9,ARAKLI
5af46550a75edfe10769a1de,594a7094a59a682d75e959aa,5971eb87c3f2170f283c381f,SURUÇ
5af46550a75edfe10769a1de,594a6f1da59a682d75e95945,5970a3ed206b380222376400,KEÇİBORLU
5af46550a75edfe10769a1de,594a6fcea59a682d75e95969,5971ea72fcf5d90f163f85de,HAFİK
5af46550a75edfe10769a1de,594a709da59a682d75e959ac,5971eb87c3f2170f283c381f,VİRANŞEHİR
5af46550a75edfe10769a1de,594a79acc7b3892e6253c724,5970c97cc1dbff05ce3804a9,KÖYCEĞİZ
5af46550a75edfe10769a1de,594a6e98a59a682d75e95928,5971e939c0979a0e99befaf7,SARAYDÜZÜ
5af46550a75edfe10769a1de,594a7608a59a682d75e95af4,5970b4eb48c611046777f8d1,AKÇAKENT
5af46550a75edfe10769a1de,594a7426a59a682d75e95a76,5971ff59cfbaa414d6d4817b,PÜLÜMÜR
5af46550a75edfe10769a1de,594a6d22a59a682d75e958c5,5970a16972eb310169d0c229,ESPİYE
5af46550a75edfe10769a1de,594a698e0347602d2acc1502,5971dd3346337f0bfb9b5b6f,KOZAKLI
5af46550a75edfe10769a1de,594a6b4a0347602d2acc155e,59709c7865d27c7f6c73f6a6,OLTU
5af46550a75edfe10769a1de,594a7289a59a682d75e95a09,5971f08e9491450fa99b2a3b,ŞARKÖY
5af46550a75edfe10769a1de,594a6df9a59a682d75e958fd,5970a1fcc0062501a35ad101,YÜKSEKOVA
5af46550a75edfe10769a1de,594a6aba0347602d2acc153e,59709b7ab343a27ebe93a294,OTLUKBELİ
5af46550a75edfe10769a1de,594a6e6ea59a682d75e95917,5970a2a99cffad0202dd176f,HASSA
5af46550a75edfe10769a1de,594a79bbc7b3892e6253c72a,5970c50cc8f315059540a2bb,TAVŞANLI
5af46550a75edfe10769a1de,594a7521a59a682d75e95aae,5970ae366b3b2c03bee2ef60,MELİKGAZİ
5af46550a75edfe10769a1de,594a6e90a59a682d75e95924,5971e939c0979a0e99befaf7,ERFELEK
5af46550a75edfe10769a1de,594a6a600347602d2acc1528,59709aeb63c16d7e3264dbc9,PALU
5af46550a75edfe10769a1de,594a7380a59a682d75e95a46,5970ab6c26093803a8449041,ERMENEK
5af46550a75edfe10769a1de,594a6f9aa59a682d75e95955,5971ea72fcf5d90f163f85de,AKINCILAR
5af46550a75edfe10769a1de,594a7225a59a682d75e959e6,5970a8887501e5035df33489,KARABAĞLAR
5af46550a75edfe10769a1de,594a7275a59a682d75e95a04,5971f08e9491450fa99b2a3b,MURATLI
